frame_idx,t_sec,disp_px,sharpness,brightness,motion_state,screen_result
30,191536.619,0.02,471.56,148.31,STATIONARY,CLEARLY_THIN
60,191537.251,0.01,469.93,148.18,STATIONARY,CLEARLY_THIN
90,191537.891,0.02,470.44,148.16,STATIONARY,CLEARLY_THIN
120,191538.532,0.01,469.36,148.12,STATIONARY,CLEARLY_THIN
150,191539.184,0.02,469.98,148.19,STATIONARY,CLEARLY_THIN
180,191539.827,0.03,470.79,148.18,STATIONARY,CLEARLY_THIN
210,191540.467,0.01,469.33,148.14,STATIONARY,CLEARLY_THIN
240,191541.107,0.0,469.53,148.12,STATIONARY,CLEARLY_THIN
270,191541.731,0.9,319.66,148.09,STATIONARY,CLEARLY_THIN
300,191542.371,0.17,450.74,148.07,STATIONARY,CLEARLY_THIN
330,191543.043,0.05,465.23,148.04,STATIONARY,CLEARLY_THIN
360,191543.683,0.05,468.12,148.01,STATIONARY,CLEARLY_THIN
390,191544.307,0.01,467.94,148.0,STATIONARY,CLEARLY_THIN
420,191544.948,0.02,467.64,147.98,STATIONARY,CLEARLY_THIN
450,191545.587,0.05,463.39,147.95,STATIONARY,CLEARLY_THIN
480,191546.227,0.0,468.9,147.93,STATIONARY,CLEARLY_THIN
510,191546.867,0.01,467.0,147.91,STATIONARY,CLEARLY_THIN
540,191547.507,0.04,467.45,147.89,STATIONARY,CLEARLY_THIN
570,191548.147,0.02,467.44,147.87,STATIONARY,CLEARLY_THIN
600,191548.787,0.03,466.45,147.85,STATIONARY,CLEARLY_THIN
630,191549.427,0.01,466.15,147.83,STATIONARY,CLEARLY_THIN
660,191550.051,0.01,466.7,147.81,STATIONARY,CLEARLY_THIN
690,191550.691,0.0,466.48,147.8,STATIONARY,CLEARLY_THIN
720,191551.331,0.6,342.42,147.78,STATIONARY,CLEARLY_THIN
750,191551.971,0.05,466.04,147.76,STATIONARY,CLEARLY_THIN
780,191552.611,0.11,396.3,147.78,STATIONARY,CLEARLY_THIN
810,191553.251,12.97,323.68,147.68,MOVING,CLEARLY_THIN
840,191553.891,0.02,421.43,149.04,STATIONARY,CLEARLY_THIN
870,191554.531,0.01,421.08,149.02,STATIONARY,CLEARLY_THIN
900,191555.155,0.01,423.13,149.0,STATIONARY,CLEARLY_THIN
930,191555.795,0.07,422.74,148.98,STATIONARY,CLEARLY_THIN
960,191556.467,0.01,417.96,148.97,STATIONARY,CLEARLY_THIN
990,191557.091,0.01,420.43,148.95,STATIONARY,CLEARLY_THIN
1020,191557.731,0.02,419.81,148.94,STATIONARY,CLEARLY_THIN
1050,191558.371,0.04,418.86,148.92,STATIONARY,CLEARLY_THIN
1080,191559.011,0.03,418.83,148.91,STATIONARY,CLEARLY_THIN
1110,191559.651,0.02,419.21,148.9,STATIONARY,CLEARLY_THIN
1140,191560.291,0.01,420.52,148.89,STATIONARY,CLEARLY_THIN
1170,191560.931,0.01,419.21,148.87,STATIONARY,CLEARLY_THIN
1200,191561.571,0.01,419.97,148.86,STATIONARY,CLEARLY_THIN
1230,191562.211,0.01,420.99,148.86,STATIONARY,CLEARLY_THIN
1260,191562.851,0.02,420.1,148.83,STATIONARY,CLEARLY_THIN
1290,191563.491,0.04,352.94,148.83,STATIONARY,CLEARLY_THIN
1320,191564.132,0.07,411.69,148.8,STATIONARY,CLEARLY_THIN
1350,191564.771,0.01,419.08,148.79,STATIONARY,CLEARLY_THIN
1380,191565.411,0.38,340.13,148.8,STATIONARY,CLEARLY_THIN
1410,191566.035,0.05,410.43,148.78,STATIONARY,CLEARLY_THIN
1440,191566.675,0.02,417.93,148.76,STATIONARY,CLEARLY_THIN
1470,191567.315,0.02,416.37,148.77,STATIONARY,CLEARLY_THIN
1500,191567.955,0.02,421.11,148.75,STATIONARY,CLEARLY_THIN
1530,191568.595,0.03,418.21,148.74,STATIONARY,CLEARLY_THIN
1560,191569.235,0.02,418.16,148.73,STATIONARY,CLEARLY_THIN
1590,191569.859,0.02,416.99,148.72,STATIONARY,CLEARLY_THIN
1620,191570.499,0.03,418.93,148.72,STATIONARY,CLEARLY_THIN
1650,191571.139,0.04,417.33,148.7,STATIONARY,CLEARLY_THIN
1680,191571.779,0.05,416.84,148.7,STATIONARY,CLEARLY_THIN
1710,191572.419,0.0,418.17,148.69,STATIONARY,CLEARLY_THIN
1740,191573.059,0.02,416.79,148.68,STATIONARY,CLEARLY_THIN
1770,191573.699,0.05,419.02,148.67,STATIONARY,CLEARLY_THIN
1800,191574.339,0.01,418.14,148.66,STATIONARY,CLEARLY_THIN
1830,191574.979,0.01,420.32,148.67,STATIONARY,CLEARLY_THIN
1860,191575.603,0.11,414.46,148.66,STATIONARY,CLEARLY_THIN
1890,191576.307,0.04,417.24,148.64,STATIONARY,CLEARLY_THIN
1920,191576.947,0.01,415.7,148.63,STATIONARY,CLEARLY_THIN
1950,191577.667,0.04,407.79,148.62,STATIONARY,CLEARLY_THIN
1980,191578.307,0.03,414.48,148.61,STATIONARY,CLEARLY_THIN
2010,191578.947,0.03,418.03,148.6,STATIONARY,CLEARLY_THIN
2040,191579.587,0.03,415.98,148.59,STATIONARY,CLEARLY_THIN
2070,191580.227,0.03,416.33,148.58,STATIONARY,CLEARLY_THIN
2100,191580.867,0.02,418.77,148.56,STATIONARY,CLEARLY_THIN
2130,191581.507,0.05,416.73,148.57,STATIONARY,CLEARLY_THIN
2160,191582.147,0.03,416.47,148.56,STATIONARY,CLEARLY_THIN
2190,191582.771,0.02,414.28,148.55,STATIONARY,CLEARLY_THIN
2220,191583.412,0.01,416.77,148.55,STATIONARY,CLEARLY_THIN
2250,191584.051,0.02,416.49,148.55,STATIONARY,CLEARLY_THIN
2280,191584.691,0.04,416.23,148.53,STATIONARY,CLEARLY_THIN
2310,191585.331,0.17,403.66,148.54,STATIONARY,CLEARLY_THIN
2340,191585.971,0.04,417.63,148.53,STATIONARY,CLEARLY_THIN
2370,191586.611,0.01,420.49,148.52,STATIONARY,CLEARLY_THIN
2400,191587.235,0.04,412.01,148.52,STATIONARY,CLEARLY_THIN
2430,191587.875,0.01,419.44,148.51,STATIONARY,CLEARLY_THIN
2460,191588.515,0.03,419.35,148.5,STATIONARY,CLEARLY_THIN
2490,191589.155,0.01,419.39,148.49,STATIONARY,CLEARLY_THIN
2520,191589.795,0.04,420.3,148.49,STATIONARY,CLEARLY_THIN
2550,191590.435,0.01,412.61,148.49,STATIONARY,CLEARLY_THIN
2580,191591.075,0.07,414.0,148.48,STATIONARY,CLEARLY_THIN
2610,191591.715,0.05,414.94,148.47,STATIONARY,CLEARLY_THIN
2640,191592.339,0.06,412.57,148.47,STATIONARY,CLEARLY_THIN
2670,191592.979,0.03,381.21,148.49,STATIONARY,CLEARLY_THIN
2700,191593.619,1.36,209.11,148.46,STATIONARY,CLEARLY_THIN
2730,191594.259,0.99,206.5,150.15,SETTLING,CLEARLY_THIN
2760,191594.899,0.02,341.51,150.15,STATIONARY,CLEARLY_THIN
2790,191595.539,0.01,340.78,150.16,STATIONARY,CLEARLY_THIN
2820,191596.179,0.03,340.83,150.15,STATIONARY,CLEARLY_THIN
2850,191596.819,0.04,340.52,150.15,STATIONARY,CLEARLY_THIN
2880,191597.46,0.16,338.7,150.14,STATIONARY,CLEARLY_THIN
2910,191598.099,13.05,189.46,150.79,MOVING,CLEARLY_THIN
2940,191598.723,4.43,113.12,147.2,SETTLING,CLEARLY_THIN
2970,191599.363,0.02,250.73,147.62,STATIONARY,CLEARLY_THIN
3000,191600.003,0.01,252.31,147.61,STATIONARY,CLEARLY_THIN
3030,191600.643,0.02,252.53,147.6,STATIONARY,CLEARLY_THIN
3060,191601.285,0.01,252.6,147.6,STATIONARY,CLEARLY_THIN
3090,191601.923,0.02,251.68,147.59,STATIONARY,CLEARLY_THIN
3120,191602.563,0.01,252.52,147.59,STATIONARY,CLEARLY_THIN
3150,191603.203,0.01,253.09,147.58,STATIONARY,CLEARLY_THIN
3180,191603.827,0.02,252.83,147.58,STATIONARY,CLEARLY_THIN
3210,191604.467,0.03,252.36,147.58,STATIONARY,CLEARLY_THIN
3240,191605.107,0.01,252.04,147.57,STATIONARY,CLEARLY_THIN
3270,191605.747,0.01,251.87,147.57,STATIONARY,CLEARLY_THIN
3300,191606.387,0.03,252.29,147.57,STATIONARY,CLEARLY_THIN
3330,191607.027,0.03,252.82,147.56,STATIONARY,CLEARLY_THIN
3360,191607.667,0.02,252.11,147.56,STATIONARY,CLEARLY_THIN
3390,191608.307,0.02,252.32,147.56,STATIONARY,CLEARLY_THIN
3420,191608.931,0.03,254.34,147.55,STATIONARY,CLEARLY_THIN
3450,191609.571,0.04,253.24,147.56,STATIONARY,CLEARLY_THIN
3480,191610.211,0.04,252.66,147.55,STATIONARY,CLEARLY_THIN
3510,191610.851,0.06,253.35,147.55,STATIONARY,CLEARLY_THIN
3540,191611.491,0.0,254.76,147.54,STATIONARY,CLEARLY_THIN
3570,191612.131,0.02,253.93,147.54,STATIONARY,CLEARLY_THIN
3600,191612.771,0.02,253.72,147.54,STATIONARY,CLEARLY_THIN
3630,191613.411,0.01,251.94,147.53,STATIONARY,CLEARLY_THIN
3660,191614.051,0.0,253.01,147.54,STATIONARY,CLEARLY_THIN
3690,191614.691,0.01,254.28,147.53,STATIONARY,CLEARLY_THIN
3720,191615.315,0.04,258.26,147.52,STATIONARY,CLEARLY_THIN
3750,191615.955,12.95,136.57,147.2,MOVING,CLEARLY_THIN
3780,191616.595,12.75,211.93,144.91,MOVING,CLEARLY_THIN
3810,191617.235,0.03,372.7,144.38,STATIONARY,CLEARLY_THIN
3840,191617.875,0.01,370.98,144.38,STATIONARY,CLEARLY_THIN
3870,191618.516,0.03,371.59,144.37,STATIONARY,CLEARLY_THIN
3900,191619.155,0.02,369.59,144.38,STATIONARY,CLEARLY_THIN
3930,191619.796,0.04,375.47,144.37,STATIONARY,CLEARLY_THIN
3960,191620.435,0.02,376.14,144.37,STATIONARY,CLEARLY_THIN
3990,191621.075,0.04,374.55,144.37,STATIONARY,CLEARLY_THIN
4020,191621.715,0.34,329.96,144.36,STATIONARY,CLEARLY_THIN
4050,191622.355,12.18,385.06,144.05,MOVING,CLEARLY_THIN
4080,191622.995,0.19,469.49,143.49,STATIONARY,CLEARLY_THIN
4110,191623.635,0.02,563.7,143.45,STATIONARY,CLEARLY_THIN
4140,191624.259,0.02,565.22,143.44,STATIONARY,CLEARLY_THIN
4170,191624.899,0.01,566.83,143.44,STATIONARY,CLEARLY_THIN
4200,191625.571,0.0,565.14,143.44,STATIONARY,CLEARLY_THIN
4230,191626.195,0.02,564.78,143.43,STATIONARY,CLEARLY_THIN
4260,191627.011,0.04,564.3,143.43,STATIONARY,CLEARLY_THIN
4290,191627.651,0.04,565.89,143.43,STATIONARY,CLEARLY_THIN
4320,191628.291,0.04,564.79,143.44,STATIONARY,CLEARLY_THIN
4350,191628.931,0.02,562.01,143.43,STATIONARY,CLEARLY_THIN
4380,191629.571,0.03,563.88,143.43,STATIONARY,CLEARLY_THIN
4410,191630.195,0.06,572.05,143.42,STATIONARY,UNCERTAIN
4440,191630.835,10.79,412.4,142.3,MOVING,CLEARLY_THIN
4470,191631.475,2.08,309.29,145.96,STATIONARY,CLEARLY_THIN
4500,191632.116,0.02,661.59,145.86,STATIONARY,UNCERTAIN
4530,191632.755,0.01,663.89,145.86,STATIONARY,UNCERTAIN
4560,191633.395,0.06,670.97,145.84,STATIONARY,UNCERTAIN
4590,191634.051,2.8,282.76,145.6,STATIONARY,CLEARLY_THIN
4620,191634.691,8.75,463.66,144.62,MOVING,CLEARLY_THIN
4650,191635.331,1.14,407.57,143.67,STATIONARY,CLEARLY_THIN
4680,191635.971,0.02,698.98,143.67,STATIONARY,UNCERTAIN
4710,191636.611,0.03,700.2,143.66,STATIONARY,UNCERTAIN
4740,191637.235,0.02,700.27,143.66,STATIONARY,UNCERTAIN
4770,191637.908,0.09,702.1,143.66,STATIONARY,UNCERTAIN
4800,191638.548,0.07,696.31,143.66,STATIONARY,UNCERTAIN
4830,191639.171,0.01,701.91,143.66,STATIONARY,UNCERTAIN
4860,191639.812,0.02,702.51,143.66,STATIONARY,UNCERTAIN
4890,191640.452,0.02,702.75,143.65,STATIONARY,UNCERTAIN
4920,191641.091,0.05,702.41,143.65,STATIONARY,UNCERTAIN
4950,191641.731,0.02,702.52,143.65,STATIONARY,UNCERTAIN
4980,191642.371,0.03,701.86,143.65,STATIONARY,UNCERTAIN
5010,191643.011,0.01,711.01,143.64,STATIONARY,UNCERTAIN
5040,191643.651,0.03,665.75,143.67,STATIONARY,UNCERTAIN
5070,191644.291,0.06,671.34,143.66,STATIONARY,UNCERTAIN
5100,191644.931,1.08,395.08,143.66,STATIONARY,CLEARLY_THIN
5130,191645.571,2.19,279.06,143.05,STATIONARY,CLEARLY_THIN
5160,191646.195,4.84,294.11,142.86,SETTLING,CLEARLY_THIN
5190,191646.835,0.07,571.56,142.81,STATIONARY,UNCERTAIN
5220,191647.475,0.03,579.96,142.81,STATIONARY,UNCERTAIN
5250,191648.131,0.01,581.12,142.8,STATIONARY,UNCERTAIN
5280,191648.771,0.02,582.05,142.81,STATIONARY,UNCERTAIN
5310,191649.411,0.0,581.62,142.81,STATIONARY,UNCERTAIN
5340,191650.052,0.0,581.68,142.8,STATIONARY,UNCERTAIN
5370,191650.691,0.02,582.17,142.79,STATIONARY,UNCERTAIN
5400,191651.332,0.01,583.97,142.79,STATIONARY,UNCERTAIN
5430,191651.971,0.01,582.86,142.79,STATIONARY,UNCERTAIN
5460,191652.643,0.01,596.35,142.8,STATIONARY,UNCERTAIN
5490,191653.412,0.03,597.37,142.79,STATIONARY,UNCERTAIN
5520,191654.052,0.02,600.5,142.78,STATIONARY,UNCERTAIN
5550,191654.691,0.02,607.23,142.78,STATIONARY,UNCERTAIN
5580,191655.523,0.04,603.44,142.78,STATIONARY,UNCERTAIN
5610,191656.163,0.03,611.34,142.78,STATIONARY,UNCERTAIN
5640,191656.787,0.01,551.83,142.81,STATIONARY,UNCERTAIN
5670,191657.427,0.22,411.59,142.89,STATIONARY,CLEARLY_THIN
5700,191658.067,36.22,273.07,142.37,MOVING,CLEARLY_THIN
5730,191658.707,54.16,518.49,142.52,MOVING,UNCERTAIN
5760,191659.347,0.02,770.44,142.56,STATIONARY,UNCERTAIN
5790,191659.987,0.01,779.67,142.55,STATIONARY,UNCERTAIN
5820,191660.627,0.02,782.05,142.55,STATIONARY,UNCERTAIN
5850,191661.267,0.02,783.47,142.56,STATIONARY,UNCERTAIN
5880,191661.892,0.01,785.0,142.55,STATIONARY,UNCERTAIN
5910,191662.547,0.02,786.32,142.55,STATIONARY,UNCERTAIN
5940,191663.187,0.01,785.92,142.55,STATIONARY,UNCERTAIN
5970,191663.827,0.02,786.53,142.55,STATIONARY,UNCERTAIN
6000,191664.468,0.0,787.91,142.54,STATIONARY,UNCERTAIN
6030,191665.107,0.03,788.82,142.55,STATIONARY,UNCERTAIN
6060,191665.731,0.02,789.68,142.54,STATIONARY,UNCERTAIN
6090,191666.371,0.02,789.37,142.55,STATIONARY,UNCERTAIN
6120,191667.027,0.02,790.02,142.55,STATIONARY,UNCERTAIN
6150,191667.668,0.03,788.57,142.55,STATIONARY,UNCERTAIN
6180,191668.307,0.01,790.56,142.54,STATIONARY,UNCERTAIN
6210,191668.947,0.01,791.44,142.55,STATIONARY,UNCERTAIN
6240,191669.587,0.01,792.76,142.54,STATIONARY,UNCERTAIN
6270,191670.211,0.03,794.11,142.54,STATIONARY,UNCERTAIN
6300,191670.851,0.0,793.63,142.54,STATIONARY,UNCERTAIN
6330,191671.491,0.01,791.87,142.53,STATIONARY,UNCERTAIN
6360,191672.131,0.0,794.04,142.54,STATIONARY,UNCERTAIN
6390,191672.771,0.01,792.39,142.54,STATIONARY,UNCERTAIN
6420,191673.411,0.0,794.6,142.54,STATIONARY,UNCERTAIN
6450,191674.051,0.01,793.28,142.53,STATIONARY,UNCERTAIN
6480,191674.691,0.01,792.96,142.53,STATIONARY,UNCERTAIN
6510,191675.331,0.02,794.8,142.54,STATIONARY,UNCERTAIN
6540,191675.955,0.01,795.18,142.54,STATIONARY,UNCERTAIN
6570,191676.595,0.02,792.6,142.54,STATIONARY,UNCERTAIN
6600,191677.235,0.02,796.46,142.54,STATIONARY,UNCERTAIN
6630,191677.875,0.03,796.97,142.53,STATIONARY,UNCERTAIN
6660,191678.515,0.02,795.26,142.53,STATIONARY,UNCERTAIN
6690,191679.156,0.01,796.38,142.53,STATIONARY,UNCERTAIN
6720,191679.795,0.0,795.82,142.53,STATIONARY,UNCERTAIN
6750,191680.435,0.04,794.72,142.53,STATIONARY,UNCERTAIN
6780,191681.076,0.01,795.26,142.54,STATIONARY,UNCERTAIN
6810,191681.715,0.0,794.07,142.53,STATIONARY,UNCERTAIN
6840,191682.339,0.02,795.62,142.53,STATIONARY,UNCERTAIN
6870,191682.979,0.0,798.35,142.53,STATIONARY,UNCERTAIN
6900,191683.683,0.03,795.63,142.54,STATIONARY,UNCERTAIN
6930,191684.323,0.02,793.34,142.53,STATIONARY,UNCERTAIN
6960,191684.963,0.03,794.93,142.54,STATIONARY,UNCERTAIN
6990,191685.603,0.01,795.36,142.53,STATIONARY,UNCERTAIN
7020,191686.227,0.04,793.77,142.53,STATIONARY,UNCERTAIN
7050,191686.867,0.03,796.16,142.52,STATIONARY,UNCERTAIN
7080,191687.507,0.02,795.81,142.53,STATIONARY,UNCERTAIN
7110,191688.147,0.01,795.53,142.53,STATIONARY,UNCERTAIN
7140,191688.787,0.02,794.99,142.53,STATIONARY,UNCERTAIN
7170,191689.427,0.03,793.28,142.53,STATIONARY,UNCERTAIN
7200,191690.067,0.02,795.74,142.53,STATIONARY,UNCERTAIN
7230,191690.707,0.01,797.81,142.53,STATIONARY,UNCERTAIN
7260,191691.347,0.01,797.32,142.53,STATIONARY,UNCERTAIN
7290,191691.995,0.01,795.74,142.53,STATIONARY,UNCERTAIN
7320,191692.611,0.01,797.74,142.53,STATIONARY,UNCERTAIN
7350,191693.251,0.02,796.16,142.53,STATIONARY,UNCERTAIN
7380,191693.891,0.02,797.43,142.53,STATIONARY,UNCERTAIN
7410,191694.531,0.06,793.27,142.53,STATIONARY,UNCERTAIN
7440,191695.171,0.03,798.73,142.53,STATIONARY,UNCERTAIN
7470,191695.811,0.02,797.13,142.52,STATIONARY,UNCERTAIN
7500,191696.452,0.0,797.41,142.53,STATIONARY,UNCERTAIN
7530,191697.091,0.02,795.86,142.53,STATIONARY,UNCERTAIN
7560,191697.731,0.01,798.51,142.53,STATIONARY,UNCERTAIN
7590,191698.371,0.01,796.27,142.53,STATIONARY,UNCERTAIN
7620,191698.995,0.03,796.61,142.52,STATIONARY,UNCERTAIN
7650,191699.635,0.02,798.83,142.52,STATIONARY,UNCERTAIN
7680,191700.276,0.01,796.23,142.53,STATIONARY,UNCERTAIN
7710,191700.915,0.01,796.06,142.53,STATIONARY,UNCERTAIN
7740,191701.555,0.01,796.31,142.52,STATIONARY,UNCERTAIN
7770,191702.195,0.02,799.22,142.52,STATIONARY,UNCERTAIN
7800,191702.851,0.02,797.57,142.52,STATIONARY,UNCERTAIN
7830,191703.491,0.02,796.97,142.52,STATIONARY,UNCERTAIN
7860,191704.131,0.0,796.37,142.53,STATIONARY,UNCERTAIN
7890,191704.771,0.01,795.81,142.53,STATIONARY,UNCERTAIN
7920,191705.411,0.02,796.14,142.52,STATIONARY,UNCERTAIN
7950,191706.051,0.02,798.48,142.53,STATIONARY,UNCERTAIN
7980,191706.691,0.02,796.83,142.53,STATIONARY,UNCERTAIN
8010,191707.315,0.01,797.84,142.53,STATIONARY,UNCERTAIN
8040,191707.955,0.02,795.87,142.52,STATIONARY,UNCERTAIN
8070,191708.595,0.01,796.15,142.52,STATIONARY,UNCERTAIN
8100,191709.235,0.02,800.18,142.52,STATIONARY,UNCERTAIN
8130,191709.875,0.02,799.22,142.52,STATIONARY,UNCERTAIN
8160,191710.516,0.0,797.66,142.52,STATIONARY,UNCERTAIN
8190,191711.155,0.01,797.18,142.52,STATIONARY,UNCERTAIN
8220,191711.795,0.02,798.87,142.53,STATIONARY,UNCERTAIN
8250,191712.435,0.02,799.89,142.53,STATIONARY,UNCERTAIN
8280,191713.059,0.01,798.44,142.52,STATIONARY,UNCERTAIN
8310,191713.699,0.03,797.63,142.52,STATIONARY,UNCERTAIN
8340,191714.339,0.01,798.32,142.53,STATIONARY,UNCERTAIN
8370,191714.98,0.02,799.73,142.52,STATIONARY,UNCERTAIN
8400,191715.62,0.02,799.63,142.53,STATIONARY,UNCERTAIN
8430,191716.259,0.01,798.16,142.52,STATIONARY,UNCERTAIN
8460,191716.899,0.01,800.23,142.53,STATIONARY,UNCERTAIN
8490,191717.539,0.0,798.87,142.52,STATIONARY,UNCERTAIN
8520,191718.179,0.01,801.07,142.52,STATIONARY,UNCERTAIN
8550,191718.803,0.01,799.09,142.52,STATIONARY,UNCERTAIN
8580,191719.443,0.02,800.81,142.52,STATIONARY,UNCERTAIN
8610,191720.083,0.01,800.61,142.51,STATIONARY,UNCERTAIN
8640,191720.723,0.01,800.94,142.52,STATIONARY,UNCERTAIN
8670,191721.364,0.01,800.64,142.52,STATIONARY,UNCERTAIN
8700,191722.052,0.06,788.01,142.53,STATIONARY,UNCERTAIN
8730,191722.691,0.04,799.95,142.53,STATIONARY,UNCERTAIN
8760,191723.316,0.11,792.36,142.53,STATIONARY,UNCERTAIN
8790,191723.955,1.2,530.33,142.51,STATIONARY,UNCERTAIN
8820,191724.595,0.29,650.87,142.53,STATIONARY,UNCERTAIN
8850,191725.235,0.22,762.75,142.53,STATIONARY,UNCERTAIN
8880,191725.875,0.15,788.25,142.53,STATIONARY,UNCERTAIN
8910,191726.515,0.02,800.09,142.52,STATIONARY,UNCERTAIN
8940,191727.155,0.01,801.75,142.52,STATIONARY,UNCERTAIN
8970,191727.795,0.01,799.22,142.52,STATIONARY,UNCERTAIN
9000,191728.435,0.0,802.05,142.52,STATIONARY,UNCERTAIN
9030,191729.075,0.02,799.22,142.52,STATIONARY,UNCERTAIN
9060,191729.699,0.01,801.75,142.52,STATIONARY,UNCERTAIN
9090,191730.339,0.0,799.58,142.52,STATIONARY,UNCERTAIN
9120,191730.979,0.02,801.19,142.53,STATIONARY,UNCERTAIN
9150,191731.619,0.02,802.33,142.52,STATIONARY,UNCERTAIN
9180,191732.259,0.02,801.46,142.53,STATIONARY,UNCERTAIN
9210,191732.899,0.01,799.03,142.52,STATIONARY,UNCERTAIN
9240,191733.54,0.03,800.96,142.52,STATIONARY,UNCERTAIN
9270,191734.163,0.01,800.24,142.52,STATIONARY,UNCERTAIN
9300,191734.803,0.0,800.37,142.52,STATIONARY,UNCERTAIN
9330,191735.443,0.02,801.05,142.52,STATIONARY,UNCERTAIN
9360,191736.083,0.01,800.06,142.52,STATIONARY,UNCERTAIN
9390,191736.723,0.01,799.85,142.52,STATIONARY,UNCERTAIN
9420,191737.363,0.02,798.6,142.53,STATIONARY,UNCERTAIN
9450,191738.003,0.01,802.32,142.52,STATIONARY,UNCERTAIN
9480,191738.643,0.01,799.74,142.53,STATIONARY,UNCERTAIN
9510,191739.283,0.01,801.34,142.53,STATIONARY,UNCERTAIN
9540,191739.924,0.01,800.52,142.53,STATIONARY,UNCERTAIN
9570,191740.547,0.0,798.86,142.52,STATIONARY,UNCERTAIN
9600,191741.188,0.02,799.23,142.53,STATIONARY,UNCERTAIN
9630,191741.827,0.01,800.38,142.52,STATIONARY,UNCERTAIN
9660,191742.468,0.01,801.2,142.51,STATIONARY,UNCERTAIN
9690,191743.107,0.03,800.88,142.52,STATIONARY,UNCERTAIN
9720,191743.747,0.0,798.17,142.52,STATIONARY,UNCERTAIN
9750,191744.387,0.01,800.64,142.53,STATIONARY,UNCERTAIN
9780,191745.027,0.02,800.67,142.52,STATIONARY,UNCERTAIN
9810,191745.667,0.02,798.81,142.53,STATIONARY,UNCERTAIN
9840,191746.307,0.08,736.83,141.8,STATIONARY,UNCERTAIN
9870,191746.931,0.01,820.57,144.38,STATIONARY,UNCERTAIN
9900,191747.571,0.04,810.35,143.39,STATIONARY,UNCERTAIN
9930,191748.211,0.04,509.15,111.96,STATIONARY,UNCERTAIN
9960,191748.851,0.04,958.77,154.38,STATIONARY,UNCERTAIN
9990,191749.491,0.04,529.99,114.89,STATIONARY,UNCERTAIN
10020,191750.131,0.03,1185.02,169.25,STATIONARY,UNCERTAIN
10050,191750.771,0.05,796.03,143.09,STATIONARY,UNCERTAIN
10080,191751.411,0.11,472.25,106.12,STATIONARY,UNCERTAIN
10110,191752.051,0.03,549.88,118.06,STATIONARY,UNCERTAIN
10140,191752.676,0.01,1397.41,181.1,STATIONARY,UNCERTAIN
10170,191753.315,0.03,823.04,144.34,STATIONARY,UNCERTAIN
10200,191753.955,0.14,524.27,114.79,STATIONARY,UNCERTAIN
10230,191754.611,0.08,1627.58,194.38,STATIONARY,UNCERTAIN
10260,191755.235,0.24,774.82,144.25,STATIONARY,UNCERTAIN
10290,191755.875,0.01,818.81,144.14,STATIONARY,UNCERTAIN
10320,191756.515,0.02,820.27,144.08,STATIONARY,UNCERTAIN
10350,191757.155,0.02,807.38,144.03,STATIONARY,UNCERTAIN
10380,191757.795,0.03,816.09,144.0,STATIONARY,UNCERTAIN
10410,191758.436,0.02,817.17,143.99,STATIONARY,UNCERTAIN
10440,191759.075,0.02,818.81,143.97,STATIONARY,UNCERTAIN
10470,191759.715,0.03,818.91,143.92,STATIONARY,UNCERTAIN
10500,191760.34,0.02,788.31,141.78,STATIONARY,UNCERTAIN
10530,191760.979,0.01,699.08,133.86,STATIONARY,UNCERTAIN
10560,191761.652,0.04,823.15,144.18,STATIONARY,UNCERTAIN
10590,191762.275,0.02,817.49,144.06,STATIONARY,UNCERTAIN
10620,191762.915,0.03,819.94,144.02,STATIONARY,UNCERTAIN
10650,191763.555,0.01,818.51,143.98,STATIONARY,UNCERTAIN
10680,191764.195,0.01,817.34,143.97,STATIONARY,UNCERTAIN
10710,191764.835,0.01,819.97,143.95,STATIONARY,UNCERTAIN
10740,191765.475,0.02,820.18,143.94,STATIONARY,UNCERTAIN
10770,191766.115,0.02,817.86,143.92,STATIONARY,UNCERTAIN
10800,191766.74,0.02,819.51,143.92,STATIONARY,UNCERTAIN
10830,191767.379,0.01,819.71,143.91,STATIONARY,UNCERTAIN
10860,191768.02,0.01,819.19,143.91,STATIONARY,UNCERTAIN
10890,191768.659,0.01,819.33,143.9,STATIONARY,UNCERTAIN
10920,191769.316,0.0,819.52,143.89,STATIONARY,UNCERTAIN
10950,191769.939,0.08,812.53,143.89,STATIONARY,UNCERTAIN
10980,191770.579,0.03,818.8,143.89,STATIONARY,UNCERTAIN
11010,191771.219,0.02,816.59,143.88,STATIONARY,UNCERTAIN
11040,191771.859,0.01,820.53,143.88,STATIONARY,UNCERTAIN
11070,191772.499,0.01,818.63,143.89,STATIONARY,UNCERTAIN
11100,191773.139,0.01,817.17,143.88,STATIONARY,UNCERTAIN
11130,191773.779,0.0,819.48,143.88,STATIONARY,UNCERTAIN
11160,191774.419,0.01,817.38,143.87,STATIONARY,UNCERTAIN
11190,191775.043,0.02,817.3,143.87,STATIONARY,UNCERTAIN
11220,191775.683,0.01,817.5,143.87,STATIONARY,UNCERTAIN
11250,191776.323,0.01,814.74,143.87,STATIONARY,UNCERTAIN
11280,191776.963,0.01,819.5,143.87,STATIONARY,UNCERTAIN
11310,191777.603,0.02,819.89,143.87,STATIONARY,UNCERTAIN
11340,191778.243,0.01,817.99,143.86,STATIONARY,UNCERTAIN
11370,191778.883,0.0,817.51,143.86,STATIONARY,UNCERTAIN
11400,191779.523,0.02,816.99,143.86,STATIONARY,UNCERTAIN
11430,191780.163,0.01,817.75,143.87,STATIONARY,UNCERTAIN
11460,191780.803,0.0,818.09,143.86,STATIONARY,UNCERTAIN
11490,191781.443,0.0,816.71,143.85,STATIONARY,UNCERTAIN
11520,191782.083,0.01,819.05,143.85,STATIONARY,UNCERTAIN
11550,191782.723,0.01,817.76,143.85,STATIONARY,UNCERTAIN
11580,191783.347,0.0,818.63,143.85,STATIONARY,UNCERTAIN
11610,191784.004,0.01,819.27,143.85,STATIONARY,UNCERTAIN
11640,191784.643,0.01,817.14,143.85,STATIONARY,UNCERTAIN
11670,191785.283,0.01,819.76,143.85,STATIONARY,UNCERTAIN
11700,191785.923,0.0,817.09,143.84,STATIONARY,UNCERTAIN
11730,191786.563,0.03,818.05,143.84,STATIONARY,UNCERTAIN
11760,191787.188,0.02,817.37,143.84,STATIONARY,UNCERTAIN
11790,191787.827,0.01,819.68,143.84,STATIONARY,UNCERTAIN
11820,191788.467,0.01,816.19,143.84,STATIONARY,UNCERTAIN
11850,191789.107,0.01,817.61,143.84,STATIONARY,UNCERTAIN
11880,191789.747,0.01,818.32,143.84,STATIONARY,UNCERTAIN
11910,191790.387,0.01,818.87,143.83,STATIONARY,UNCERTAIN
11940,191791.027,0.01,818.82,143.84,STATIONARY,UNCERTAIN
11970,191791.667,0.01,820.43,143.83,STATIONARY,UNCERTAIN
12000,191792.307,0.01,819.23,143.83,STATIONARY,UNCERTAIN
12030,191792.931,0.02,819.21,143.83,STATIONARY,UNCERTAIN
12060,191793.571,0.01,819.45,143.83,STATIONARY,UNCERTAIN
12090,191794.211,0.01,817.95,143.83,STATIONARY,UNCERTAIN
12120,191794.851,0.0,818.11,143.83,STATIONARY,UNCERTAIN
12150,191795.491,0.02,818.66,143.83,STATIONARY,UNCERTAIN
12180,191796.131,0.0,817.06,143.82,STATIONARY,UNCERTAIN
12210,191796.771,0.03,817.7,143.83,STATIONARY,UNCERTAIN
12240,191797.411,0.02,816.96,143.82,STATIONARY,UNCERTAIN
12270,191798.051,0.01,816.46,143.82,STATIONARY,UNCERTAIN
12300,191798.675,0.02,817.37,143.83,STATIONARY,UNCERTAIN
12330,191799.315,0.0,819.11,143.83,STATIONARY,UNCERTAIN
12360,191799.955,0.03,818.02,143.82,STATIONARY,UNCERTAIN
12390,191800.595,0.01,818.17,143.82,STATIONARY,UNCERTAIN
12420,191801.246,0.02,817.53,143.82,STATIONARY,UNCERTAIN
12450,191801.875,0.02,817.7,143.82,STATIONARY,UNCERTAIN
12480,191802.515,0.02,818.1,143.82,STATIONARY,UNCERTAIN
12510,191803.156,0.01,817.87,143.82,STATIONARY,UNCERTAIN
12540,191803.779,0.02,818.6,143.82,STATIONARY,UNCERTAIN
12570,191804.42,0.02,817.89,143.82,STATIONARY,UNCERTAIN
12600,191805.059,0.01,819.09,143.82,STATIONARY,UNCERTAIN
12630,191805.699,0.03,816.49,143.82,STATIONARY,UNCERTAIN
12660,191806.339,0.03,816.0,143.82,STATIONARY,UNCERTAIN
12690,191806.979,0.02,815.69,143.82,STATIONARY,UNCERTAIN
12720,191807.619,0.01,816.39,143.82,STATIONARY,UNCERTAIN
12750,191808.259,0.01,818.34,143.82,STATIONARY,UNCERTAIN
12780,191808.884,0.01,816.63,143.82,STATIONARY,UNCERTAIN
12810,191809.523,0.02,816.99,143.82,STATIONARY,UNCERTAIN
12840,191810.163,0.0,816.6,143.82,STATIONARY,UNCERTAIN
12870,191810.803,0.01,816.49,143.82,STATIONARY,UNCERTAIN
12900,191811.443,0.01,816.85,143.81,STATIONARY,UNCERTAIN
12930,191812.083,0.02,817.53,143.82,STATIONARY,UNCERTAIN
12960,191812.723,0.02,817.75,143.82,STATIONARY,UNCERTAIN
12990,191813.363,0.01,817.33,143.81,STATIONARY,UNCERTAIN
13020,191813.987,0.03,817.62,143.82,STATIONARY,UNCERTAIN
13050,191814.627,0.07,814.7,143.82,STATIONARY,UNCERTAIN
13080,191815.267,0.02,816.02,143.81,STATIONARY,UNCERTAIN
13110,191815.907,0.04,814.21,143.81,STATIONARY,UNCERTAIN
13140,191816.547,0.05,819.09,143.81,STATIONARY,UNCERTAIN
13170,191817.187,0.02,814.74,143.81,STATIONARY,UNCERTAIN
13200,191817.843,0.08,817.12,143.81,STATIONARY,UNCERTAIN
13230,191818.692,0.02,815.7,143.81,STATIONARY,UNCERTAIN
13260,191819.332,0.02,818.33,143.81,STATIONARY,UNCERTAIN
13290,191819.972,0.01,815.28,143.81,STATIONARY,UNCERTAIN
