video_name,frame_index,timestamp_sec,accepted_keyframe,skip_reason,dx,dy,cumulative_displacement,sharpness,brightness,cellpose_used,cellpose_instance_count,rbc_candidate_count,valid_region_rbc_count,rbc_density,coverage,median_rbc_diameter,median_nn,normalized_median_nn,median_edge_gap,normalized_edge_gap,contact_ratio,pct_0_neighbors,pct_1_neighbor,pct_2_neighbors,pct_3plus_neighbors,mean_graph_degree,largest_cluster_fraction,density_cv,merge_suspect_count,raw_monolayer_score,smoothed_monolayer_score,raw_class,smoothed_class,fast_screen_result,cellpose_time_ms,feature_time_ms,total_time_ms,keyframe_index,contrast,saturation,overexposed_pct,underexposed_pct,motion_response,nn_p10_norm,nn_p25_norm,nn_p75_norm,median_graph_degree,n_clusters,isolated_pct,median_cluster_size,largest_cluster_size,pct_in_large_clusters,density_mean_per_mpx,density_max_min_ratio,screen_occupancy,screen_edge_density,screen_texture_std,screen_brightness,screen_time_ms,cellpose_model_time_ms,is_first_inference,thick_signal_count,thin_signal_count
video_dataset.mp4,0,0,True,ACCEPTED_FIRST,0,0,0,25.964,122.1,True,40,31,18,13.56,0.0855,71.91,141.2,1.9636,51.87,0.7213,0,88.89,11.11,0,0,0.111,0.1111,0.8819,0,0.2389,0.2389,TOO_THIN,TOO_THIN,UNCERTAIN,11299,3970.5,18766.1,1,75.21,60.41,0.001,0,1,1.5883,1.7134,2.3293,0,17,88.89,2,2,0,0.8,inf,0.7135,0.0713,72.3344,122.129,4.0519,11299,True,0,3
video_dataset.mp4,216,6.048,True,ACCEPTED_NEW_FIELD,-63,1.66,0,20.477,124.71,True,35,26,15,11.3,0.0634,68.92,135.92,1.9722,53.92,0.7823,0,100,0,0,0,0,0.0667,1.0306,0,0.2433,0.2407,TOO_THIN,TOO_THIN,UNCERTAIN,11330.7,2981.6,14442.8,2,76.49,60.64,0,0,0.5984,1.5899,1.7449,2.445,0,15,100,0,1,0,0.7,inf,0.6981,0.0676,73.8128,124.741,5.5917,11330.7,False,0,3
video_dataset.mp4,288,8.064,True,ACCEPTED_NEW_FIELD,-6.02,0.03,0,26.194,124.86,True,18,14,5,3.77,0.0267,72.22,149.6,2.0714,59.67,0.8262,0,100,0,0,0,0,0.2,1.8655,0,0.23,0.2364,TOO_THIN,TOO_THIN,UNCERTAIN,11143.3,1552.8,12822.2,3,78.7,62.99,0,0,1.0539,2.0259,2.0259,2.0714,0,5,100,0,1,0,0.2,inf,0.6829,0.0675,75.7707,124.897,3.8249,11143.3,False,0,3
video_dataset.mp4,360,10.08,True,ACCEPTED_NEW_FIELD,-6.03,0.14,0,24.212,124.17,True,21,14,9,6.78,0.0443,80.25,159.72,1.9903,60.89,0.7588,0,100,0,0,0,0,0.1111,1.4011,0,0.2389,0.2374,TOO_THIN,TOO_THIN,UNCERTAIN,11337.4,464.7,11923.5,4,80.82,66.2,0,0,1.0757,1.8045,1.8269,3.3436,0,9,100,0,1,0,0.4,inf,0.674,0.0617,78.1089,124.196,4.4876,11337.4,False,0,3
video_dataset.mp4,432,12.096,True,ACCEPTED_NEW_FIELD,-5.32,-0.01,0,20.275,124.19,True,18,13,11,8.29,0.07,73.5,155.93,2.1214,60.14,0.8183,0,81.82,18.18,0,0,0.182,0.1818,1.2298,0,0.2318,0.2352,TOO_THIN,TOO_THIN,UNCERTAIN,11243.8,1922.9,13297.3,5,81.75,112.98,0,0,0.9731,1.3644,1.9141,3.45,0,10,81.82,2,2,0,0.5,inf,0.6278,0.0626,79.3034,124.233,4.1754,11243.8,False,0,3
video_dataset.mp4,504,14.097,True,ACCEPTED_NEW_FIELD,-16.07,-1.04,0,19.626,128.88,True,18,12,8,6.03,0.0549,66.56,204.59,3.074,117.21,1.761,0,75,25,0,0,0.25,0.25,1.5811,0,0.225,0.2311,TOO_THIN,TOO_THIN,CLEARLY_THIN,11298,2545.3,13977.3,6,81.12,106.49,0,0,0.95,1.4944,2.1737,3.3566,0,7,75,2,2,0,0.4,inf,0.6017,0.0599,78.5988,128.921,3.8632,11298,False,0,3
video_dataset.mp4,576,16.112,True,ACCEPTED_NEW_FIELD,-7.06,0.1,0,17.985,126.34,True,17,12,9,6.78,0.065,79.33,146.66,1.8486,47.63,0.6003,0,77.78,22.22,0,0,0.222,0.2222,1.6592,1,0.2278,0.2298,TOO_THIN,TOO_THIN,CLEARLY_THIN,11482.5,1641,13257.1,7,78.42,108.43,0,0,1.0731,1.3494,1.6716,2.579,0,8,77.78,2,2,0,0.4,inf,0.619,0.0584,76.026,126.386,4.2854,11482.5,False,0,3
video_dataset.mp4,648,18.128,True,ACCEPTED_NEW_FIELD,-34.24,0.78,0,16.875,129.28,True,22,8,4,3.01,0.0433,49.96,232.65,4.6572,193.44,3.8722,0,100,0,0,0,0,0.25,2.2361,1,0.225,0.2279,TOO_THIN,TOO_THIN,CLEARLY_THIN,11284.4,3011,14456.2,8,75.93,103.69,0,0,0.8977,2.0422,2.0422,7.5693,0,4,100,0,1,0,0.2,inf,0.5832,0.0597,73.7469,129.318,4.8774,11284.4,False,0,3
video_dataset.mp4,720,20.144,True,ACCEPTED_NEW_FIELD,-26.17,0.41,0,16.569,134.74,True,12,7,4,3.01,0.0458,100.47,298.43,2.9704,168.54,1.6775,0,100,0,0,0,0,0.25,1.7321,0,0.225,0.2267,TOO_THIN,TOO_THIN,CLEARLY_THIN,11232.7,1370.4,12724.4,9,74.89,93.5,0,0,0.9316,2.5927,2.5927,4.0547,0,4,100,0,1,0,0.2,inf,0.5304,0.0565,72.783,134.758,3.8347,11232.7,False,0,3
video_dataset.mp4,792,22.16,True,ACCEPTED_NEW_FIELD,-10.85,0.32,0,13.657,133.86,True,25,11,4,3.01,0.0785,57.66,294.41,5.1062,216.9,3.7618,0,100,0,0,0,0,0.25,1.7321,2,0.225,0.226,TOO_THIN,TOO_THIN,CLEARLY_THIN,11603.5,3466.4,15229.4,10,69.58,82.49,0,0,0.8771,4.3813,4.3813,9.5589,0,4,100,0,1,0,0.2,inf,0.4625,0.0587,67.5171,133.899,3.8875,11603.5,False,0,3
video_dataset.mp4,864,24.16,True,ACCEPTED_NEW_FIELD,-38.82,1,0,16.173,134.59,True,18,13,9,6.78,0.0692,81.3,145.19,1.7859,46.29,0.5693,0.2222,77.78,22.22,0,0,0.222,0.2222,1.2522,0,0.1944,0.2134,TOO_THIN,TOO_THIN,CLEARLY_THIN,11275.7,2017.7,13420.9,11,74.01,87.65,0,0,0.9089,1.1134,1.6038,2.2351,0,8,77.78,2,2,0,0.4,inf,0.498,0.0635,71.6178,134.624,4.2034,11275.7,False,0,3
video_dataset.mp4,936,26.176,True,ACCEPTED_NEW_FIELD,-15.26,0.45,0,15.491,128.97,True,21,13,7,5.27,0.0524,84.17,168.66,2.0037,69.12,0.8212,0,71.43,28.57,0,0,0.286,0.2857,1.6099,1,0.2214,0.2166,TOO_THIN,TOO_THIN,CLEARLY_THIN,11263.3,1672.2,13061.2,12,71.77,86.37,0,0,0.9651,1.3668,1.5595,2.7304,0,6,71.43,2,2,0,0.3,inf,0.5013,0.0646,69.4792,129.014,3.757,11263.3,False,0,3
video_dataset.mp4,1008,28.192,True,ACCEPTED_NEW_FIELD,-7.27,0.07,0,20.208,126.53,True,18,12,7,5.27,0.0721,98.45,178.7,1.8152,83.35,0.8467,0,100,0,0,0,0,0.1429,1.3924,1,0.2357,0.2243,TOO_THIN,TOO_THIN,CLEARLY_THIN,11650.3,1796.8,13577.2,13,72.92,90.74,0,0,1.066,1.5962,1.6842,2.5692,0,7,100,0,1,0,0.3,inf,0.5291,0.074,70.216,126.577,4.3873,11650.3,False,0,3
video_dataset.mp4,1080,30.192,True,ACCEPTED_NEW_FIELD,-20.38,0.51,0,24.329,126.57,True,14,10,6,4.52,0.0531,87.96,316.66,3.5999,219.18,2.4918,0,66.67,33.33,0,0,0.333,0.3333,1.291,0,0.2167,0.2212,TOO_THIN,TOO_THIN,CLEARLY_THIN,10574.8,849.1,11545.2,14,76.94,97.66,0,0,0.9251,1.4447,1.7502,4.8898,0,5,66.67,2,2,0,0.3,inf,0.5699,0.0741,74.0287,126.6,3.7599,10574.8,False,0,3
video_dataset.mp4,1152,32.208,True,ACCEPTED_NEW_FIELD,-5.92,0.01,0,23.866,129.2,True,33,18,11,8.29,0.0875,42.61,117.5,2.7576,67.88,1.5931,0,100,0,0,0,0,0.0909,1.1171,3,0.2409,0.2291,TOO_THIN,TOO_THIN,CLEARLY_THIN,10637.6,4591.8,15382.8,15,77.14,93.94,0,0,1.051,1.8416,2.1665,3.2636,0,11,100,0,1,0,0.5,inf,0.5506,0.0766,74.224,129.245,3.6285,10637.6,False,0,3
video_dataset.mp4,1224,34.224,True,ACCEPTED_NEW_FIELD,-13.56,-0.15,0,24.522,132.41,True,24,15,12,9.04,0.0919,54.02,169.59,3.1393,124.66,2.3077,0,83.33,16.67,0,0,0.167,0.1667,1.1055,2,0.2333,0.2308,TOO_THIN,TOO_THIN,CLEARLY_THIN,10830.9,3264.6,14245.1,16,77.4,90.24,0,0,0.8914,1.4922,2.1984,3.5537,0,11,83.33,2,2,0,0.6,inf,0.5316,0.076,74.5486,132.463,3.9117,10830.9,False,0,3
video_dataset.mp4,1296,36.224,True,ACCEPTED_NEW_FIELD,-6.86,0.36,0,23.377,131.02,True,19,17,10,7.54,0.0581,99.44,127.91,1.2862,42.82,0.4306,0.2,40,40,20,0,0.8,0.4,1.249,0,0.2559,0.2408,TOO_THIN,TOO_THIN,CLEARLY_THIN,10685,1310.8,12114.8,17,78.09,91.18,0,0,1.0657,0.9602,1.0911,2.0279,1,6,40,3,4,0,0.5,inf,0.5409,0.074,75.2003,131.069,3.8085,10685,False,0,2
video_dataset.mp4,1368,38.24,True,ACCEPTED_NEW_FIELD,-20.96,0.38,0,25.608,123.9,True,22,20,14,10.55,0.0429,58.4,102.62,1.757,44.28,0.7582,0,78.57,14.29,7.14,0,0.286,0.2143,1.2037,0,0.2286,0.2359,TOO_THIN,TOO_THIN,CLEARLY_THIN,10520.9,1397.6,12040.7,18,78.59,101.01,0,0,0.9379,1.4256,1.6258,2.3127,0,12,78.57,3,3,0,0.7,inf,0.5851,0.0796,75.3668,123.938,3.97,10520.9,False,0,3
video_dataset.mp4,1440,40.256,True,ACCEPTED_NEW_FIELD,-15.57,0.19,0,28.129,130.22,True,28,23,12,9.04,0.0442,61.9,113.09,1.827,33.32,0.5383,0,75,16.67,8.33,0,0.333,0.25,1.453,1,0.225,0.2316,TOO_THIN,TOO_THIN,CLEARLY_THIN,10774.8,2775.6,13673.8,19,82.1,100.82,0,0,0.955,1.4304,1.614,2.2184,0,10,75,3,3,0,0.6,inf,0.5812,0.0781,78.9072,130.25,4.169,10774.8,False,0,3
video_dataset.mp4,1512,42.272,True,ACCEPTED_NEW_FIELD,-6.61,0.09,0,22.405,125.03,True,24,19,11,8.29,0.0626,67.49,112.71,1.6701,34.48,0.5109,0.1818,72.73,18.18,9.09,0,0.364,0.2727,1.6032,2,0.1955,0.2171,TOO_THIN,TOO_THIN,CLEARLY_THIN,10535.6,3884.2,14553,20,80.53,104.49,0,0,1.0517,1.287,1.4501,2.0122,0,9,72.73,3,3,0,0.5,inf,0.588,0.0678,77.82,125.065,3.7399,10535.6,False,0,3
video_dataset.mp4,1584,44.288,True,ACCEPTED_NEW_FIELD,-16.58,0.29,0,24.679,127.5,True,23,15,9,6.78,0.0535,51.91,283.62,5.4643,222.63,4.2891,0,100,0,0,0,0,0.1111,1.083,1,0.2389,0.2258,TOO_THIN,TOO_THIN,CLEARLY_THIN,10557,2326.1,13021.2,21,83.98,106.46,0,0,0.9586,2.0167,4.2071,7.1746,0,9,100,0,1,0,0.4,inf,0.6078,0.0691,80.9063,127.542,4.335,10557,False,0,3
video_dataset.mp4,1656,46.304,True,ACCEPTED_NEW_FIELD,-19.47,0.47,0,22.835,126.85,True,35,25,18,13.56,0.1054,60.46,140.03,2.316,69.59,1.1509,0,88.89,11.11,0,0,0.111,0.1111,0.9362,2,0.2389,0.231,TOO_THIN,TOO_THIN,UNCERTAIN,10908.6,4803.9,15851.6,22,84.03,96.32,0,0,0.9324,1.5964,1.7813,3.4511,0,17,88.89,2,2,0,0.8,inf,0.6256,0.0682,80.856,126.88,3.9001,10908.6,False,0,3
video_dataset.mp4,1728,48.32,True,ACCEPTED_NEW_FIELD,-13.4,0.42,0,25.224,124.25,True,21,17,7,5.27,0.0388,59.27,120.56,2.0341,64.32,1.0853,0,100,0,0,0,0,0.1429,1.3924,0,0.2357,0.2329,TOO_THIN,TOO_THIN,CLEARLY_THIN,10509.4,2402.3,13040.9,23,83.36,105.95,0,0,0.871,1.9334,1.9837,7.2184,0,7,100,0,1,0,0.3,inf,0.6146,0.0707,80.167,124.286,3.7197,10509.4,False,0,3
video_dataset.mp4,1800,50.336,True,ACCEPTED_NEW_FIELD,-22.45,0.59,0,20.407,126.53,True,17,15,9,6.78,0.0257,66.94,156.77,2.3419,102.05,1.5244,0,77.78,22.22,0,0,0.222,0.2222,1.5356,0,0.2278,0.2309,TOO_THIN,TOO_THIN,CLEARLY_THIN,10464.2,1097.5,11679.7,24,82.49,102.86,0,0,0.9466,1.2612,2.2139,4.1983,0,8,77.78,2,2,0,0.4,inf,0.6,0.0696,79.367,126.566,3.8486,10464.2,False,0,3
video_dataset.mp4,1872,52.337,True,ACCEPTED_NEW_FIELD,-67.55,1.16,0,21.372,128.29,True,28,23,15,11.3,0.0939,82.78,142.02,1.7156,47.79,0.5773,0.1333,66.67,13.33,20,0,0.533,0.2,0.9592,1,0.21,0.2225,TOO_THIN,TOO_THIN,CLEARLY_THIN,10880.6,2003.4,13009.9,25,82.57,101.92,0,0,0.8894,1.0304,1.2124,2.5762,0,12,66.67,2.5,3,0,0.7,inf,0.5955,0.0682,79.4219,128.326,3.8124,10880.6,False,0,3
video_dataset.mp4,1944,54.353,True,ACCEPTED_NEW_FIELD,-42.21,0.55,0,21.55,129.04,True,27,19,10,7.54,0.0693,79.18,163.09,2.0596,37.28,0.4708,0,80,20,0,0,0.2,0.2,1.3711,0,0.23,0.2255,TOO_THIN,TOO_THIN,CLEARLY_THIN,10675,2434.3,13229.2,26,78.94,93.44,0,0,0.9198,1.4548,2.0512,3.4978,0,9,80,2,2,0,0.5,inf,0.5431,0.0696,75.8596,129.082,3.8449,10675,False,0,3
video_dataset.mp4,2016,56.368,True,ACCEPTED_NEW_FIELD,-21.24,0.28,0,21.805,128.27,True,24,16,9,6.78,0.0344,72,146.58,2.0359,48.35,0.6716,0.2222,77.78,22.22,0,0,0.222,0.2222,1.7743,1,0.1944,0.2131,TOO_THIN,TOO_THIN,CLEARLY_THIN,10579.6,1162.9,11866.2,27,78.18,89.86,0,0,0.9451,0.9401,1.789,3.6875,0,8,77.78,2,2,0,0.4,inf,0.5327,0.0693,75.1698,128.301,4.0459,10579.6,False,0,3
video_dataset.mp4,2088,58.384,True,ACCEPTED_NEW_FIELD,-56.28,1.27,0,19.147,133.85,True,32,25,19,14.32,0.0734,57.49,99.21,1.7256,34.38,0.598,0.1053,68.42,31.58,0,0,0.316,0.1053,0.904,0,0.2237,0.2173,TOO_THIN,TOO_THIN,CLEARLY_THIN,10884.2,2761,13771.9,28,77.61,84.7,0,0,0.9175,1.2075,1.3817,2.5386,0,16,68.42,2,2,0,0.9,inf,0.5045,0.0687,74.6804,133.887,3.779,10884.2,False,0,3
video_dataset.mp4,2160,60.4,True,ACCEPTED_NEW_FIELD,0,-0.02,0,22.743,128.08,True,31,21,13,9.8,0.055,62.02,123.54,1.9918,64.05,1.0327,0,100,0,0,0,0,0.0769,1.2475,2,0.2423,0.2273,TOO_THIN,TOO_THIN,CLEARLY_THIN,10563.8,4100.8,14794.3,29,76.76,92.67,0,0,0.998,1.6847,1.7803,2.5594,0,13,100,0,1,0,0.6,inf,0.5434,0.0729,73.4867,128.101,3.9139,10563.8,False,0,3
video_dataset.mp4,2232,62.4,True,ACCEPTED_NEW_FIELD,-68.38,1.62,0,22.058,127.7,True,38,23,12,9.04,0.1656,70.59,100.57,1.4247,39.45,0.5589,0.1667,41.67,50,8.33,0,0.667,0.25,1.3744,3,0.2,0.2164,TOO_THIN,TOO_THIN,CLEARLY_THIN,10774.3,4124.4,15049.6,30,73.98,91.63,0,0,0.8716,1.0386,1.1175,2.043,1,8,41.67,2,3,0,0.6,inf,0.5318,0.073,70.9716,127.735,3.9971,10774.3,False,0,3
video_dataset.mp4,2304,64.416,True,ACCEPTED_NEW_FIELD,-16.89,0.66,0,20.71,132.51,True,18,12,5,3.77,0.0318,69.86,287.52,4.1155,219.93,3.148,0,100,0,0,0,0,0.2,1.8655,0,0.23,0.2218,TOO_THIN,TOO_THIN,CLEARLY_THIN,10829.1,1512.1,12461.6,31,71.22,83.33,0,0,0.9593,1.6487,1.6487,9.4547,0,5,100,0,1,0,0.2,inf,0.4814,0.0713,68.3092,132.551,3.778,10829.1,False,0,3
video_dataset.mp4,2376,66.432,True,ACCEPTED_NEW_FIELD,-16.71,0.36,0,17.45,132.46,True,18,10,3,2.26,0.0643,53.26,107.05,2.0101,58.3,1.0947,0,100,0,0,0,0,0.3333,2.8087,2,0.2167,0.2198,TOO_THIN,TOO_THIN,CLEARLY_THIN,10710,2306.6,13155.1,32,68.5,84.98,0,0,0.9573,2.0101,2.0101,6.2985,0,3,100,0,1,0,0.1,inf,0.5061,0.0699,66.0773,132.5,4.1146,10710,False,0,3
video_dataset.mp4,2448,68.448,True,ACCEPTED_NEW_FIELD,-39.91,0.76,0,17.836,133.46,True,24,20,15,11.3,0.0854,82.16,128.63,1.5656,56.78,0.6911,0.1333,53.33,40,6.67,0,0.533,0.2,0.8819,1,0.21,0.2159,TOO_THIN,TOO_THIN,CLEARLY_THIN,10631.1,1975.1,12728.4,33,65.85,82.48,0,0,0.9343,1.3444,1.4324,2.1662,0,11,53.33,2,3,0,0.7,inf,0.504,0.0755,63.304,133.507,3.8474,10631.1,False,0,3
video_dataset.mp4,2520,70.464,True,ACCEPTED_NEW_FIELD,-39.89,0.85,0,14.975,130.68,True,37,29,14,10.55,0.0392,53.44,106.94,2.0011,49.53,0.9268,0,85.71,14.29,0,0,0.143,0.1429,1.3924,0,0.2357,0.2238,TOO_THIN,TOO_THIN,CLEARLY_THIN,10809.7,2016.9,12949,34,69.86,86.67,0,0,0.9382,1.3867,1.5226,2.8368,0,13,85.71,2,2,0,0.7,inf,0.5251,0.0774,67.1562,130.719,3.9041,10809.7,False,0,3
video_dataset.mp4,2592,72.465,True,ACCEPTED_NEW_FIELD,-43.73,1.33,0,16.838,136.63,True,36,27,18,13.56,0.0942,64.1,130.31,2.0328,49.8,0.7769,0,100,0,0,0,0,0.0556,0.7617,3,0.2444,0.2321,TOO_THIN,TOO_THIN,CLEARLY_THIN,10618.4,4113.3,14863.2,35,70.45,82.32,0,0,0.9083,1.7616,1.7865,2.7639,0,18,100,0,1,0,0.8,inf,0.4898,0.0767,67.6761,136.68,3.7853,10618.4,False,0,3
video_dataset.mp4,2664,74.48,True,ACCEPTED_NEW_FIELD,-37.69,1.07,0,12.109,134.72,True,44,34,27,20.35,0.0717,55.19,113.14,2.0502,57.49,1.0417,0.1481,74.07,22.22,3.7,0,0.296,0.1111,0.8819,3,0.2167,0.2259,TOO_THIN,TOO_THIN,CLEARLY_THIN,10545.3,3727,14408.1,36,69.04,83.31,0,0,0.93,1.0038,1.5807,2.5002,0,23,74.07,2,3,0,1.3,inf,0.506,0.0796,66.4426,134.758,3.8698,10545.3,False,0,3
video_dataset.mp4,2736,76.496,True,ACCEPTED_NEW_FIELD,-28.69,0.83,0,11.206,133.8,True,22,17,13,9.8,0.0452,65.73,117.16,1.7825,53.73,0.8175,0.1538,69.23,30.77,0,0,0.308,0.1538,1.1691,1,0.2115,0.2202,TOO_THIN,TOO_THIN,CLEARLY_THIN,10807.5,1824,12753.5,37,65.8,74.58,0,0,0.9384,1.4611,1.4773,2.3199,0,11,69.23,2,2,0,0.6,inf,0.4813,0.079,63.3027,133.847,3.9046,10807.5,False,0,3
video_dataset.mp4,2808,78.512,True,ACCEPTED_NEW_FIELD,-0.06,0.07,0,9.672,132.17,True,37,21,12,9.04,0.0277,49.07,95.14,1.939,39.29,0.8008,0,83.33,16.67,0,0,0.167,0.1667,1.1055,0,0.2333,0.2254,TOO_THIN,TOO_THIN,CLEARLY_THIN,10486.5,1363.5,11972.6,38,64.01,73.29,0,0,0.9999,1.3248,1.6313,2.443,0,11,83.33,2,2,0,0.6,inf,0.4605,0.0792,61.641,132.208,3.9288,10486.5,False,0,3
video_dataset.mp4,2880,80.528,True,ACCEPTED_NEW_FIELD,-75.65,1.25,0,14.005,132.89,True,27,11,4,3.01,0.0445,34.46,432.28,12.5455,390.86,11.3433,0,100,0,0,0,0,0.25,2.2361,5,0.225,0.2253,TOO_THIN,TOO_THIN,CLEARLY_THIN,10632.5,3462.4,14251.3,39,65.31,77.75,0,0,0.8889,3.7217,3.7217,21.6468,0,4,100,0,1,0,0.2,inf,0.4596,0.0756,62.5691,132.917,4.0153,10632.5,False,0,3
video_dataset.mp4,2952,82.544,True,ACCEPTED_NEW_FIELD,-112.73,3.11,0,11.352,137.71,True,18,12,10,7.54,0.0219,42.39,153.59,3.623,104.15,2.4567,0,100,0,0,0,0,0.1,1.4832,0,0.24,0.2312,TOO_THIN,TOO_THIN,UNCERTAIN,10801.2,630.4,11553.4,40,63.61,69.71,0,0,0.8726,1.5043,2.7766,5.8897,0,10,100,0,1,0,0.5,inf,0.425,0.0823,60.8493,137.76,3.9333,10801.2,False,0,3
video_dataset.mp4,3024,84.56,True,ACCEPTED_NEW_FIELD,-19.7,0.76,0,8.923,135.64,True,8,8,7,5.27,0.011,54.03,123.77,2.2909,76.24,1.4111,0,100,0,0,0,0,0.1429,2.2812,0,0.2357,0.233,TOO_THIN,TOO_THIN,CLEARLY_THIN,10444.9,29.2,10590.4,41,59.63,66.16,0,0,0.9855,1.729,1.8553,2.3736,0,7,100,0,1,0,0.3,inf,0.4061,0.0779,57.3771,135.684,3.7859,10444.9,False,0,3
video_dataset.mp4,3096,86.576,True,ACCEPTED_NEW_FIELD,0.08,0.18,0,6.794,137.11,True,9,8,8,6.03,0.02,51.23,68.97,1.3464,18.83,0.3676,0.25,50,50,0,0,0.5,0.25,2.2361,1,0.2232,0.2291,TOO_THIN,TOO_THIN,CLEARLY_THIN,10477,992.3,11594.1,42,58.53,62.93,0,0,1.0042,0.8979,1.0653,1.7691,0.5,6,50,2,2,0,0.4,inf,0.399,0.0761,56.5612,137.145,3.8927,10477,False,0,2
video_dataset.mp4,3262,91.2,True,ACCEPTED_NEW_FIELD,-7.93,-0.11,0,19.125,135.03,True,19,11,7,5.27,0.062,79.99,168.13,2.1019,43.28,0.5411,0,100,0,0,0,0,0.1429,1.1339,3,0.2357,0.2317,TOO_THIN,TOO_THIN,CLEARLY_THIN,10887,1972.3,12989.2,43,61.81,74.75,0,0,1.0531,1.5888,1.8454,2.6244,0,7,100,0,1,0,0.3,inf,0.4169,0.0786,58.6723,135.071,3.8684,10887,False,0,3
video_dataset.mp4,3334,93.216,True,ACCEPTED_NEW_FIELD,-38.46,0.92,0,16.289,134.29,True,17,9,4,3.01,0.0406,43.57,130.96,3.0057,94.76,2.1749,0,100,0,0,0,0,0.25,2.2361,6,0.225,0.229,TOO_THIN,TOO_THIN,CLEARLY_THIN,10600.5,2438.2,13179,44,62.3,75.66,0,0,0.933,1.6896,1.6896,4.6037,0,4,100,0,1,0,0.2,inf,0.4241,0.0773,59.2584,134.326,3.9236,10600.5,False,0,3
video_dataset.mp4,3406,95.232,True,ACCEPTED_NEW_FIELD,-33.81,0.84,0,14.647,135.34,True,22,12,8,6.03,0.0301,23.52,102.06,4.3392,84.16,3.5781,0,100,0,0,0,0,0.125,1.7321,8,0.2375,0.2324,TOO_THIN,TOO_THIN,UNCERTAIN,10542.6,3195.8,13896,45,60.83,73.57,0,0,0.9169,1.5725,3.2711,9.8459,0,8,100,0,1,0,0.4,inf,0.4209,0.0861,57.5236,135.38,4.4173,10542.6,False,0,3
video_dataset.mp4,3478,97.248,True,ACCEPTED_NEW_FIELD,-31.57,1.1,0,14.507,137.4,True,19,11,11,8.29,0.0431,74.58,96.92,1.2997,6.37,0.0854,0.5455,27.27,72.73,0,0,0.727,0.1818,1.333,2,0.2169,0.2262,TOO_THIN,TOO_THIN,UNCERTAIN,10784.3,1163.6,12073.3,46,56.98,68.91,0,0,0.9356,0.9327,1.2829,1.6898,1,7,27.27,2,2,0,0.5,inf,0.3903,0.0849,53.8738,137.438,3.9488,10784.3,False,0,2
video_dataset.mp4,3550,99.248,True,ACCEPTED_NEW_FIELD,-32.86,0.48,0,16.386,138.91,True,15,8,6,4.52,0.0245,28.39,74.87,2.6374,48.62,1.7125,0,66.67,33.33,0,0,0.333,0.3333,2.0817,5,0.2167,0.2224,TOO_THIN,TOO_THIN,UNCERTAIN,11570.2,2703,14437,47,56.58,68.21,0,0,0.94,1.2436,1.592,8.2869,0,5,66.67,2,2,0,0.3,inf,0.3886,0.0902,53.1877,138.944,4.7565,11570.2,False,0,3
video_dataset.mp4,3622,101.264,True,ACCEPTED_NEW_FIELD,-33.92,0.38,0,16.462,139.01,True,20,12,9,6.78,0.0549,28.57,76.85,2.6901,44.88,1.5708,0,100,0,0,0,0,0.1111,2.5892,3,0.2389,0.229,TOO_THIN,TOO_THIN,UNCERTAIN,11724.1,2764.5,14662.3,48,56.18,68.57,0,0,0.9102,2.0431,2.411,4.3744,0,9,100,0,1,0,0.4,inf,0.3959,0.0902,52.8145,139.041,3.9315,11724.1,False,0,3
video_dataset.mp4,3694,103.28,True,ACCEPTED_NEW_FIELD,-26.94,0.62,0,11.404,140.35,True,12,8,6,4.52,0.0455,77.87,140.1,1.7993,55.24,0.7094,0.3333,66.67,33.33,0,0,0.333,0.3333,1.8559,2,0.1667,0.2041,TOO_THIN,TOO_THIN,UNCERTAIN,11643.8,1716.5,13512.9,49,52.13,59.45,0,0,0.926,1.4128,1.4502,2.036,0,5,66.67,2,2,0,0.3,inf,0.3575,0.0882,49.0796,140.392,6.8393,11643.8,False,0,3
video_dataset.mp4,3766,105.296,True,ACCEPTED_NEW_FIELD,-11.26,0.26,0,12.978,139.52,True,21,20,20,15.07,0.0724,66.82,88.77,1.3285,13.68,0.2047,0.45,40,30,20,10,1,0.25,1.2806,4,0.2052,0.2045,TOO_THIN,TOO_THIN,UNCERTAIN,11119.1,1847.1,13107.3,50,51.93,60.78,0,0,0.8974,1.0077,1.0872,1.765,1,12,40,2.5,5,0,0.9,inf,0.3718,0.0934,48.6383,139.554,3.9659,11119.1,False,0,2
video_dataset.mp4,3838,107.312,True,ACCEPTED_NEW_FIELD,-4.39,0.25,0,10.408,139.61,True,20,14,11,8.29,0.0302,30.78,45.98,1.494,13.74,0.4465,0.1818,45.45,36.36,18.18,0,0.727,0.3636,2.0389,4,0.1864,0.1972,TOO_THIN,TOO_THIN,UNCERTAIN,11448.8,2403.1,14000,51,50.33,59.3,0,0,1.1189,0.9344,1.2434,3.8272,1,7,45.45,3,4,0,0.5,inf,0.3829,0.0978,47.3422,139.66,5.4482,11448.8,False,0,3
video_dataset.mp4,3910,109.312,True,ACCEPTED_NEW_FIELD,-57.82,1.51,0,10.02,141.29,True,7,6,5,3.77,0.0043,40.4,35.53,0.8795,-3.65,-0.0903,0.8,0,20,20,60,2.4,1,3.873,0,0.183,0.1915,TOO_THICK,TOO_THIN,UNCERTAIN,11266.2,26.8,11418.8,52,48.85,54.91,0,0,0.8987,0.8688,0.8688,0.9258,3,1,0,5,5,0,0.2,inf,0.3647,0.096,46.0469,141.343,4.4034,11266.2,False,2,2
video_dataset.mp4,3982,111.328,True,ACCEPTED_NEW_FIELD,0.27,0.17,0,9.634,139.56,True,53,40,40,30.14,0.0607,31.94,46.19,1.4464,9.96,0.312,0.375,45,27.5,20,7.5,0.9,0.125,1.6,6,0.1813,0.1874,TOO_THIN,TOO_THIN,UNCERTAIN,11325.5,6401.7,17924.1,53,49.45,58.41,0,0,1.0034,1.0184,1.1317,2.1035,1,25,45,2,5,0,1.9,inf,0.3847,0.0971,46.5379,139.604,5.7605,11325.5,False,0,3
video_dataset.mp4,4229,118.24,True,ACCEPTED_NEW_FIELD,-94.74,2.89,0,21.065,138.61,True,76,62,47,35.42,0.1586,65.75,88.24,1.342,15.41,0.2344,0.4043,29.79,29.79,29.79,10.64,1.234,0.1277,0.5831,6,0.2153,0.1986,TOO_THIN,TOO_THIN,UNCERTAIN,11566.4,6541.1,18259,54,51.37,63.33,0,0,0.6859,0.8205,1.0759,1.618,1,23,29.79,3,6,0,2.2,6,0.3901,0.0963,47.7493,138.639,4.5852,11566.4,False,0,2
video_dataset.mp4,4301,120.256,True,ACCEPTED_NEW_FIELD,-24.21,0.64,0,20.075,139.17,True,55,47,39,29.39,0.0895,44.17,52.31,1.1845,9.06,0.2051,0.4872,43.59,28.21,12.82,15.38,1.077,0.1538,0.8699,8,0.3052,0.2412,TOO_THIN,TOO_THIN,UNCERTAIN,11034.1,5153.1,16352.5,55,49.57,60.83,0,0,0.9479,0.8225,0.9637,1.957,1,24,43.59,3,6,0,1.8,inf,0.3982,0.1045,45.7211,139.201,4.3426,11034.1,False,0,2
video_dataset.mp4,4373,122.272,True,ACCEPTED_NEW_FIELD,-29.03,0.68,0,15.659,143.11,True,44,37,32,24.11,0.0578,41.31,58.97,1.4276,10.28,0.2488,0.4062,46.88,50,3.12,0,0.562,0.0938,1.25,8,0.1797,0.2166,TOO_THIN,TOO_THIN,UNCERTAIN,11154.7,4312.2,15633,56,48.4,56.34,0,0,0.9265,0.9628,1.1042,1.9386,1,23,46.88,2,3,0,1.5,inf,0.3674,0.1037,44.7186,143.156,4.5004,11154.7,False,0,3
video_dataset.mp4,4445,124.288,True,ACCEPTED_NEW_FIELD,-56.59,1.37,0,18.686,142.91,True,138,127,105,79.12,0.132,36.21,48.33,1.3345,6.54,0.1805,0.4667,37.14,31.43,22.86,8.57,1.067,0.1143,0.7542,21,0.2123,0.2149,TOO_THIN,TOO_THIN,UNCERTAIN,11079.6,13488.8,24790.9,57,47.27,56.89,0,0,0.9284,0.7899,0.9409,1.7895,1,56,37.14,3,12,0,4.9,inf,0.3821,0.1122,43.3355,142.951,4.0685,11079.6,False,0,2
video_dataset.mp4,4517,126.304,True,ACCEPTED_NEW_FIELD,-39.4,0.86,0,18.915,142.74,True,144,136,109,82.13,0.1319,37.94,39.88,1.0511,1.73,0.0457,0.6422,22.02,29.36,23.85,24.77,1.633,0.1468,0.6928,20,0.339,0.2645,TOO_THIN,TOO_THIN,UNCERTAIN,11336.5,9571.7,21128.6,58,45.95,56.83,0,0,0.9233,0.8193,0.9102,1.4629,1,41,22.02,3,16,0,5.1,inf,0.3928,0.1179,41.7827,142.787,5.0998,11336.5,False,0,2
video_dataset.mp4,4589,128.304,True,ACCEPTED_NEW_FIELD,-34.63,0.67,0,14.127,141.09,True,270,264,230,173.31,0.2128,36.61,38.62,1.0549,2.2,0.06,0.7087,8.7,22.61,35.65,33.04,2.104,0.1957,0.5989,11,0.3288,0.2902,TOO_THIN,TOO_THIN,UNCERTAIN,11313.8,14631.8,26130,59,42.11,52.5,0,0,0.9196,0.8215,0.9076,1.2784,2,45,8.7,5,45,19.57,10.8,26,0.4015,0.1151,38.6524,141.144,4.2085,11313.8,False,1,2
video_dataset.mp4,4661,130.32,True,ACCEPTED_NEW_FIELD,-14.73,0.33,0,13.4,142.84,True,248,244,216,162.76,0.176,34.78,36.5,1.0495,-0.58,-0.0166,0.6991,12.04,29.63,29.63,28.7,1.907,0.1713,0.5879,17,0.328,0.3053,TOO_THIN,TOO_THIN,UNCERTAIN,11249.1,12365.3,23826.8,60,39.31,48.52,0,0,0.9723,0.832,0.9021,1.2178,2,56,12.04,3.5,37,33.33,10.2,inf,0.4022,0.1231,35.8654,142.898,6.1491,11249.1,False,1,2
video_dataset.mp4,4733,132.336,True,ACCEPTED_NEW_FIELD,-30.27,0.56,0,15.195,145.79,True,438,436,350,263.73,0.2728,34.91,34.59,0.991,-0.42,-0.0119,0.8057,5.43,17.14,35.43,42,2.423,0.3743,0.4021,17,0.3963,0.3417,UNCERTAIN,TOO_THIN,UNCERTAIN,10637.8,14309.2,25147.7,61,36.16,43.75,0,0,0.9319,0.7884,0.8563,1.1558,2,44,5.43,5,131,57.43,16.5,inf,0.3926,0.1348,32.4036,145.84,4.0351,10637.8,False,1,1
video_dataset.mp4,4805,134.352,True,ACCEPTED_NEW_FIELD,0.12,-0.16,0,16.242,147.02,True,732,729,480,361.69,0.3517,33.68,31.89,0.9467,-1.32,-0.0392,0.8604,5.21,12.5,27.08,55.21,2.742,0.3146,0.172,18,0.6213,0.4536,UNCERTAIN,TOO_THIN,UNCERTAIN,11002.8,21869.6,33097.8,62,36.03,44.56,0,0,0.9966,0.7919,0.8453,1.0983,3,50,5.21,6,151,67.5,22.6,1.95,0.3887,0.1368,32.1579,147.067,3.829,11002.8,False,1,1
video_dataset.mp4,4877,136.368,True,ACCEPTED_NEW_FIELD,-15.99,0.09,0,15.623,144.44,True,469,467,371,279.56,0.2907,33.7,34.74,1.0307,0.63,0.0186,0.7763,7.28,18.6,32.35,41.78,2.302,0.2022,0.2902,20,0.4479,0.4513,UNCERTAIN,UNCERTAIN,UNCERTAIN,10926.9,22025.2,33207.8,63,33.8,42.71,0,0,0.9482,0.8237,0.9068,1.2252,2,59,7.28,6,75,36.93,17.5,3.5,0.393,0.1335,30.2897,144.483,3.7968,10926.9,False,1,1
video_dataset.mp4,4949,138.384,True,ACCEPTED_NEW_FIELD,-10.87,0.54,0,14.493,146.54,True,545,540,407,306.68,0.3087,34.45,34.87,1.0122,-0.4,-0.0117,0.8182,4.42,17.44,30.47,47.67,2.565,0.285,0.2932,10,0.4744,0.4605,UNCERTAIN,UNCERTAIN,UNCERTAIN,10667.7,15116.7,25962.5,64,29.85,37.95,0,0,0.9062,0.7656,0.8608,1.1256,2,43,4.42,6,116,55.28,19.2,6.17,0.4123,0.1381,26.7858,146.589,4.2234,10667.7,False,1,1
video_dataset.mp4,5021,140.385,True,ACCEPTED_NEW_FIELD,-13.61,0.52,0,16.352,148.13,True,596,591,414,311.96,0.3163,33.96,34.73,1.0224,-0.13,-0.0038,0.8357,4.35,21.26,28.02,46.38,2.382,0.1884,0.3091,23,0.5029,0.4775,UNCERTAIN,UNCERTAIN,UNCERTAIN,10877.2,19010.5,30118.5,65,28.07,34.94,0,0,0.901,0.7996,0.8781,1.1358,2,51,4.35,6,78,43,19.5,3.6,0.4129,0.142,24.887,148.173,4.231,10877.2,False,1,1
video_dataset.mp4,5093,142.4,True,ACCEPTED_NEW_FIELD,0.14,0.04,0,16.882,145.18,True,821,817,559,421.22,0.3748,32.57,31.61,0.9706,-0.95,-0.0291,0.873,1.97,11.27,26.83,59.93,2.877,0.2326,0.1465,14,0.7392,0.5822,UNCERTAIN,UNCERTAIN,UNCERTAIN,10958,19030.1,30194.4,66,27.99,35.84,0,0,0.9951,0.736,0.842,1.1151,3,30,1.97,13,130,75.49,26.3,1.67,0.4063,0.155,24.3174,145.226,4.0732,10958,False,1,1
video_dataset.mp4,5165,144.416,True,ACCEPTED_NEW_FIELD,-5.93,0.08,0,8.624,146.08,True,639,634,438,330.04,0.284,31.41,32.1,1.0218,-0.12,-0.0037,0.8333,5.02,13.93,27.85,53.2,2.621,0.6598,0.4429,14,0.4324,0.5223,UNCERTAIN,UNCERTAIN,UNCERTAIN,10662.9,18647.1,29523.7,67,24.08,29.65,0,0,1.0079,0.7945,0.8922,1.1264,3,35,5.02,5,289,79.22,20.6,41,0.424,0.1393,21.5876,146.132,4.1758,10662.9,False,1,1
video_dataset.mp4,5237,146.432,True,ACCEPTED_NEW_FIELD,-17.03,0.14,0,9.849,146.31,True,515,511,395,297.64,0.2521,30.91,32.35,1.0465,0.25,0.0081,0.7722,5.32,16.71,29.62,48.35,2.471,0.4329,0.5965,8,0.3611,0.4578,UNCERTAIN,UNCERTAIN,UNCERTAIN,10842.7,12746.2,23757.8,68,23.4,28.19,0,0,0.9457,0.8042,0.9193,1.1775,2,38,5.32,5,171,72.41,18.6,inf,0.4213,0.1184,20.921,146.358,4.0414,10842.7,False,1,1
video_dataset.mp4,5309,148.448,True,ACCEPTED_NEW_FIELD,-5.64,0.19,0,8.407,148.72,True,693,690,457,344.36,0.283,30.6,30.24,0.9883,-0.84,-0.0275,0.8118,3.94,17.72,29.98,48.36,2.473,0.4223,0.4526,8,0.4816,0.4673,UNCERTAIN,UNCERTAIN,UNCERTAIN,10988.4,16978.2,28147.6,69,21.67,25.9,0,0,1.1108,0.7906,0.881,1.1414,2,43,3.94,5,193,73.52,21.5,8.8,0.4217,0.1043,19.3927,148.772,4.0016,10988.4,False,1,1
video_dataset.mp4,5731,160.224,True,ACCEPTED_NEW_FIELD,-50.71,1.57,0,16.742,148.86,True,925,920,613,461.91,0.3762,30.51,29.46,0.9655,-1.61,-0.0528,0.8777,1.96,15.5,29.2,53.34,2.675,0.31,0.1693,10,0.7696,0.5882,UNCERTAIN,UNCERTAIN,UNCERTAIN,10981.3,22980.5,34167.8,70,22.83,28.05,0,0,0.9043,0.7881,0.8573,1.1042,3,39,1.96,6,190,73.9,28.9,2.35,0.4192,0.1407,19.5788,148.915,4.162,10981.3,False,1,1
video_dataset.mp4,5803,162.24,True,ACCEPTED_NEW_FIELD,-1.4,0.16,0,12.545,147.84,True,1016,1003,634,477.73,0.3563,30.24,32.02,1.0591,1.32,0.0438,0.7287,2.68,13.41,28.55,55.36,2.669,0.6845,0.1013,5,0.7817,0.6656,MONOLAYER,UNCERTAIN,UNCERTAIN,10992.7,10543.2,21721.7,71,19.54,24.08,0,0,0.9869,0.8336,0.9199,1.1641,3,32,2.68,7,434,86.28,29.9,1.57,0.4037,0.0937,16.5511,147.887,4.018,10992.7,False,1,0
video_dataset.mp4,6111,170.864,True,ACCEPTED_NEW_FIELD,-52.23,1.32,0,11.967,147.81,True,932,922,584,440.06,0.3186,29.65,32.6,1.0993,3.16,0.1067,0.6353,4.28,14.9,31.16,49.66,2.5,0.7911,0.1703,2,0.7219,0.6882,TOO_THICK,UNCERTAIN,CLEARLY_THIN,10714,8223.5,19104.3,72,18.45,21.41,0,0,0.8742,0.8839,0.9812,1.2158,2,40,4.28,3,462,85.96,27.5,2.05,0.4036,0.0644,15.7374,147.85,3.9805,10714,False,2,1
video_dataset.mp4,6183,172.88,True,ACCEPTED_NEW_FIELD,-5.29,0.2,0,6.685,149.96,True,963,951,605,455.88,0.3524,30.76,33.54,1.0904,2.62,0.0853,0.7041,2.81,15.21,30.08,51.9,2.592,0.3339,0.0999,1,0.821,0.7413,MONOLAYER,MONOLAYER,CLEARLY_THIN,10892.1,7491.8,18545.8,73,16.54,18.98,0,0,1.0017,0.8898,0.9814,1.1735,3,39,2.81,4,202,85.79,28.5,1.42,0.4156,0.0112,14.6012,149.996,3.6871,10892.1,False,1,0
video_dataset.mp4,6255,174.881,True,ACCEPTED_NEW_FIELD,-29.43,0.79,0,6.083,146.45,True,777,771,511,385.05,0.2884,30.36,33.42,1.1006,2.84,0.0934,0.6517,4.5,21.33,30.72,43.44,2.321,0.2779,0.1748,0,0.6266,0.6954,UNCERTAIN,MONOLAYER,CLEARLY_THIN,10681.1,6731.8,17563.3,74,16.3,17.8,0,0,0.8902,0.872,0.9806,1.1925,2,60,4.5,4,142,52.45,24.1,2.33,0.3769,0.0154,14.6589,146.469,3.7118,10681.1,False,1,1
video_dataset.mp4,6327,176.896,True,ACCEPTED_NEW_FIELD,-7.92,0.55,0,5.164,149.47,True,819,804,515,388.06,0.3262,32.17,33,1.0256,1.2,0.0372,0.8175,2.91,12.04,24.85,60.19,2.804,0.4583,0.2709,1,0.622,0.6661,UNCERTAIN,MONOLAYER,CLEARLY_THIN,10887.5,7673.5,18715.1,75,15.07,16.8,0,0,1.0453,0.8675,0.94,1.1107,3,31,2.91,3,236,81.17,24.3,3.31,0.3697,0.0019,13.8817,149.489,3.5652,10887.5,False,1,1
video_dataset.mp4,6402,178.992,True,ACCEPTED_NEW_FIELD,-12.47,0.3,0,5.008,148.3,True,684,679,483,363.95,0.3021,32.25,32.97,1.0222,1.2,0.0371,0.8427,3.11,10.35,19.88,66.67,3.027,0.8178,0.3117,0,0.5019,0.6004,TOO_THICK,MONOLAYER,CLEARLY_THIN,10612.9,4389,15146.1,76,13.05,13.84,0,0,0.873,0.9044,0.9539,1.0975,3,24,3.11,5,395,87.99,22.7,7.17,0.3556,0.0008,12.1367,148.306,3.4962,10612.9,False,2,1
video_dataset.mp4,6474,181.008,True,ACCEPTED_NEW_FIELD,0.01,-0.09,0,12.427,149.97,True,550,546,409,308.19,0.2523,31.88,31.15,0.9773,-0.08,-0.0024,0.8851,2.2,8.8,14.91,74.08,3.384,0.4083,0.3878,0,0.3606,0.5045,UNCERTAIN,UNCERTAIN,CLEARLY_THIN,10724.9,3879.2,14745.8,77,13.25,13.48,0,0,0.9972,0.8465,0.9151,1.0585,3,19,2.2,21,167,67.73,19.3,5.12,0.3179,0.0024,11.8357,149.988,3.5798,10724.9,False,1,1
video_dataset.mp4,6559,183.376,True,ACCEPTED_NEW_FIELD,-2.69,0.01,0,5.017,148.16,True,50,50,16,12.06,0.0091,30.78,30.88,1.0032,4.66,0.1514,0.5,12.5,0,43.75,43.75,2.5,0.5,3.3727,0,0.325,0.4327,TOO_THIN,UNCERTAIN,CLEARLY_THIN,10426.5,381.1,10923.1,78,10.62,11.09,0,0,0.9813,0.9211,0.9455,1.149,2,4,12.5,7,8,0,0.8,inf,0.2561,0,10.0355,148.185,3.3614,10426.5,False,1,2
