frame_index,timestamp_sec,sharpness_lapvar,brightness,contrast,saturation,overexposed_pct,underexposed_pct
0,0.0,25.964024805602644,122.10414014274691,75.21497521987766,60.41445650077161,0.000626929012345679,0.0
10,0.288,26.854594055342982,122.11336226851851,75.1981006496747,60.62489824459877,0.0003858024691358025,0.0
20,0.56,27.55783668660516,122.11834780092593,75.19943242938966,60.5816690779321,0.0003858024691358025,0.0
30,0.848,25.528801250942337,122.12012008101851,75.19286174916849,60.53594955632716,0.000771604938271605,0.0
40,1.12,26.999814788339037,122.11983796296296,75.20049153980763,60.53251880787037,0.00048225308641975306,0.0
50,1.408,27.46839222346224,122.12402826003087,75.19717855742766,60.57674479166667,0.0005304783950617284,0.0
60,1.68,25.379132474988882,122.11196759259259,75.19551898440376,60.54509789737654,0.0007233796296296297,0.0
70,1.968,26.87223199711251,122.1198114390432,75.19645853379933,60.55076774691358,0.0003858024691358025,0.0
80,2.24,26.9750116204572,122.12645302854938,75.19426724601253,60.562948013117285,0.00043402777777777775,0.0
90,2.528,25.848650259187792,122.10445891203703,75.20296159631813,60.527968267746914,0.0007233796296296297,0.0
100,2.8,26.633811258122943,122.11455054012346,75.19184669307649,60.574786361882715,0.00048225308641975306,0.0
110,3.088,26.859056282805128,122.12032889660493,75.1960309980687,60.520324074074075,0.0005787037037037037,0.0
120,3.36,25.49483811199048,122.12585358796296,75.19501412655777,60.53913676697531,0.0005787037037037037,0.0
130,3.648,25.789929842127755,122.0766444830247,74.9541878823433,60.52258342978395,0.0003375771604938272,0.0
140,3.92,21.775508958716017,122.13044270833333,75.0970164671626,60.397006172839504,0.00014467592592592592,0.0
150,4.208,24.957554837398238,122.16577690972223,75.19910120941411,60.33538821373457,0.00048225308641975306,0.0
160,4.48,25.5032427727507,122.13582561728396,75.20765003981481,60.50831066743827,0.0005787037037037037,0.0
170,4.768,25.282217000581355,122.13420572916667,75.18577301870516,60.54124951774691,0.0008198302469135802,0.0
180,5.04,25.520912876550927,122.12315248842593,75.21669629965068,60.48553578317901,0.000626929012345679,0.0
190,5.312,22.087809360945208,122.26493537808642,75.26615941005342,60.57905478395062,0.00043402777777777775,0.0
200,5.6,21.999218645452284,122.39917197145061,75.30338952624084,61.20150077160494,9.645061728395063e-05,0.0
210,5.872,20.933029872562532,122.63208574459877,75.37752066398978,60.12674623842592,0.00019290123456790125,0.0
220,6.16,17.93947620732581,121.67706211419753,76.98945127691033,64.93473283179013,0.0,0.0
230,6.432,25.646911601163595,120.09393132716049,76.83238157460588,62.894147858796295,0.0,0.0
240,6.72,25.39169459938686,121.08926022376544,77.2112724764154,63.38390046296296,0.00014467592592592592,0.0
250,6.992,23.626751151072014,120.80226369598765,76.84941147633072,63.43386959876543,9.645061728395063e-05,0.0
260,7.28,19.726582045642253,120.60797646604938,76.63500548960259,63.278246527777775,0.00028935185185185184,0.0
270,7.552,21.482493679553954,121.93975067515431,77.44430918542625,62.33342978395062,0.0003375771604938272,0.0
280,7.84,23.298849255886477,122.82700231481482,77.76397546458833,62.80211323302469,9.645061728395063e-05,0.0
290,8.112,26.211158808525422,126.00663435570988,79.16913110726495,63.137100212191356,0.00024112654320987653,0.0
300,8.4,28.36828588831371,127.57262152777778,80.0931816929418,63.08209008487654,0.0009645061728395061,0.0
310,8.672,27.310144640914217,129.83190200617284,80.87841564052337,62.19008101851852,0.00019290123456790125,0.0
320,8.96,20.93697753527605,127.73171778549383,81.76568616709336,69.55043065200617,0.0,0.0
330,9.232,21.85046921665218,127.40981336805555,81.54515879848526,69.0650462962963,0.00014467592592592592,0.0
340,9.52,20.11358023626288,126.25099488811729,81.13859149520758,69.0226171875,0.0,0.0
350,9.792,21.55944488481202,124.60669945987654,80.75116288904822,68.76276572145062,4.822530864197531e-05,0.0
360,10.08,24.212440956945063,124.17223861882717,80.82397915129475,66.20307725694444,0.00014467592592592592,0.0
370,10.352,20.832515875827173,122.62104456018518,81.28864994205969,71.86585165895062,0.0,0.0
380,10.64,22.454700471835668,123.48128809799383,81.63158524650252,75.37202546296297,0.0,0.0
390,10.912,20.88428122497939,122.76910204475308,82.38931471021115,82.19332127700618,0.0,0.0
400,11.2,21.783806904223198,124.83876591435185,83.1927587440574,83.13882667824075,0.0,0.0
410,11.472,19.3977416074174,124.74724199459877,83.08746381607062,97.57224585262345,9.645061728395063e-05,0.0
420,11.76,22.899121807545736,126.26764660493828,83.74783250568225,99.47810908564814,4.822530864197531e-05,0.0
430,12.032,19.769300419001087,124.2568219521605,81.78420064866481,112.12435667438271,0.0,0.0
440,12.32,21.544172017196757,123.55934124228395,81.5214943633817,113.01868537808642,4.822530864197531e-05,0.0
450,12.592,20.928718666852276,125.10476032021604,81.60539245683337,111.14073206018519,4.822530864197531e-05,0.0
460,12.88,21.29132582851877,125.70488088348766,81.7899402959983,110.33995949074074,0.0,0.0
470,13.152,21.98160614796751,127.74546006944445,82.19337815862941,108.02623987268518,4.822530864197531e-05,0.0
480,13.44,21.661635083702723,130.33038483796295,82.10178298358781,105.05695119598765,0.00028935185185185184,0.0
490,13.712,20.10455124098957,131.97024932484567,82.0396164829605,104.41935040509259,0.0,0.0
500,13.985,19.0452690940928,130.2880039544753,81.47677640508005,106.0463493441358,0.00048225308641975306,0.0
510,14.272,16.913786544792604,128.37149787808642,80.70842171651046,106.26767795138889,4.822530864197531e-05,0.0
520,14.544,19.16792604346675,128.04012876157407,80.16392252899173,106.79812355324074,0.0,0.0
530,14.832,19.069531703711398,129.17321228780864,80.16383057680322,105.99612413194444,0.0,0.0
540,15.104,19.645296882084963,124.34280381944444,78.18114399297721,109.32535397376543,4.822530864197531e-05,0.0
550,15.392,18.658292435540087,123.96622636959877,77.74684693664157,109.78230227623457,9.645061728395063e-05,0.0
560,15.664,17.061092706175103,123.48047743055555,77.5108101583266,110.20380931712963,0.0,0.0
570,15.952,18.304522473588257,124.02312355324074,77.82171996001554,109.86498070987655,4.822530864197531e-05,0.0
580,16.224,18.189527305302786,128.6028867669753,78.55931579603379,106.93261911651234,0.0,0.0
590,16.512,17.642360534489125,130.5922612847222,78.57566659343242,104.83830343364197,0.0,0.0
600,16.784,18.8901837126367,131.10367621527777,78.4160533132974,104.06716049382716,0.0,0.0
610,17.072,18.683592220905854,131.741902970679,78.06274684848042,103.32453993055556,9.645061728395063e-05,0.0
620,17.344,17.527056924782215,134.3448056520062,78.38302822665965,102.00883728780865,0.0,0.0
630,17.632,17.652622000634885,127.11321614583333,75.38145248384538,104.96492621527777,0.0,0.0
640,17.904,17.203533320634886,128.43636525848765,75.63214309573628,104.27345534336419,0.0,0.0
650,18.176,16.947500623896108,129.8413131751543,76.05937834896073,103.10023003472222,0.0,0.0
660,18.464,15.020960355371958,128.71540412808642,74.76938821821473,100.69530815972222,0.0,0.0
670,18.736,14.582669739240249,133.45167341820988,74.89994435477632,96.24732880015432,0.0,0.0
680,19.024,15.18922212562626,133.2950178433642,74.9313415097841,96.46761863425925,0.0,0.0
690,19.296,15.272862499464171,131.55585599922838,75.5768371229274,98.43720437885803,0.0,0.0
700,19.584,15.687155095855754,134.509324845679,75.75038320304634,95.72271797839507,0.0,0.0
710,19.856,15.443268918877646,132.82378375771606,75.35063766014994,96.42984519675926,0.0,0.0
720,20.144,16.5686826335954,134.73650752314813,74.8926585683801,93.49966097608025,0.0,0.0
730,20.416,15.645552026819075,132.56861400462964,73.29647867094113,92.07645351080247,0.0,0.0
740,20.704,14.930624939509064,129.1676311728395,70.98729542522626,91.03294270833334,0.0,0.0
750,20.976,15.07048024683823,130.18114101080246,70.5686181686015,88.26007185570988,0.0,0.0
760,21.264,14.788545704168524,132.57939911265433,68.37672202410988,81.50144483024691,0.0,0.0
770,21.536,14.917892015691526,129.9519039351852,68.93421458207722,83.93246768904321,0.0,0.0
780,21.824,14.222066832180694,129.57505594135802,69.00384359190419,84.86386959876543,0.0,0.0
790,22.096,13.063544072768853,133.69141493055557,69.57382259925652,82.69052420910494,0.0,0.0
800,22.384,14.580957683250768,133.06721739969134,69.48716729958979,83.38632040895062,0.0,0.0
810,22.656,16.47588059345763,133.3681577932099,69.62859939524577,83.28501350308642,0.0,0.0
820,22.944,16.257336895918474,132.7664105902778,69.84788487934382,83.76795765817901,0.0,0.0
830,23.216,16.54837704835116,132.90961082175926,70.53410322680934,84.29030623070987,0.0,0.0
840,23.488,15.770024877738969,129.2978168402778,70.42142570113238,88.1299503279321,0.0,0.0
850,23.776,15.971237165503902,131.14875144675926,70.73226702713536,85.98611738040124,0.0,0.0
860,24.048,16.433252240310257,129.79064043209877,72.41284468118434,89.69956934799383,0.0,0.0
870,24.336,17.582137252196887,134.79740354938272,73.91905892650037,87.4536540316358,0.0,0.0
880,24.608,14.476705434822742,131.99474874614197,71.62173171333167,86.20974874614197,0.0,0.0
890,24.896,15.479948866868972,131.97604841820987,71.87530273829405,86.26621334876543,0.0,0.0
900,25.168,14.998270986580554,131.94122299382715,71.8953550292189,85.99946952160494,0.0,0.0
910,25.456,15.294193490274521,131.94886525848764,71.90450636641367,85.94090422453704,0.0,0.0
920,25.728,12.270974284490238,131.96051408179014,71.80909767540878,85.28925106095679,0.0,0.0
930,26.0,14.629170813082936,130.41339940200618,71.98457682104511,85.74861014660493,0.0,0.0
940,26.288,15.95342140677332,129.04213879243827,71.56897230339197,85.42566695601852,0.0,0.0
950,26.56,17.839904439384323,130.4076914544753,73.4025895913998,87.33574652777777,0.0,0.0
960,26.848,19.176515987579155,129.26973620756172,73.29586941157638,87.72241030092593,0.0,0.0
970,27.12,19.072557055362648,130.85252555941358,73.09481271519103,86.1784201388889,0.0,0.0
980,27.408,20.84403825791785,125.95619984567901,73.3619804101712,92.0144458912037,0.0,0.0
990,27.68,21.23629414846069,124.716328125,73.03085737836143,92.77518518518518,0.0,0.0
1000,27.968,20.564271771583506,125.09945264274691,72.87241368582441,92.45534481095679,0.0,0.0
1010,28.24,19.82390721081392,127.1063744212963,72.86566975318154,90.22333719135803,0.0,0.0
1020,28.528,21.256331231009188,127.0713956404321,72.80716769062037,90.11424286265432,0.0,0.0
1030,28.8,21.824122410118598,128.28300877700616,74.71782614388061,92.13254484953704,0.0,0.0
1040,29.088,21.710857394444766,126.96961757330247,74.6660088303319,93.40456838348766,0.0,0.0
1050,29.36,22.793316449585582,128.80599488811728,76.51579705849815,95.11515335648149,0.0,0.0
1060,29.632,21.926295683572324,128.3930333719136,76.69000315423348,95.54005738811729,0.0,0.0
1070,29.92,22.479729439809446,126.96129870756172,76.7665199526444,96.83503858024692,0.0,0.0
1080,30.192,24.32925103098321,126.56879292052469,76.94183800476212,97.6612215470679,0.0,0.0
1090,30.48,22.678585397220015,129.11801022376542,76.78641945718446,95.0692934992284,0.0,0.0
1100,30.752,22.982755019417386,130.83896412037038,76.7836449629965,92.82327980324074,0.0,0.0
1110,31.04,22.943962452526105,130.93890046296298,76.8930419299939,92.53702980324074,0.0,0.0
1120,31.312,23.38223021154463,131.2616478587963,77.1323004727575,92.3090128279321,0.0,0.0
1130,31.6,25.071219703632224,129.31713252314816,77.03572365978549,93.8092399691358,0.0,0.0
1140,31.872,25.96418402535814,126.69125771604938,76.78446901594178,95.93353587962963,0.0,0.0
1150,32.16,25.654961404031507,128.81740692515433,77.26683759595693,94.29599295910494,0.0,0.0
1160,32.432,23.130541064444753,130.72811246141976,77.495281266927,92.59359567901235,0.0,0.0
1170,32.72,22.523962309641867,131.8656394675926,77.35788689487273,91.47853587962963,0.0,0.0
1180,32.992,23.739794027211552,132.10771653163582,77.54745102303264,91.43134500385803,0.0,0.0
1190,33.264,24.457437547862266,131.90108362268518,77.36284312582461,91.08794849537037,0.0,0.0
1200,33.552,22.323541148127145,131.4233415316358,77.01677825723618,91.21469376929012,0.0,0.0
1210,33.824,19.930750649683237,131.60449122299383,77.24032936683382,90.82477334104938,0.0,0.0
1220,34.112,22.55308434890773,132.76513888888888,76.97551068462083,89.98530092592593,0.0,0.0
1230,34.384,23.196064293276105,132.47079812885804,77.05861150656797,89.93399546682099,0.0,0.0
1240,34.672,23.665894903052795,131.70304639274693,77.7069896988021,90.82401234567901,0.0,0.0
1250,34.944,22.517677259243133,130.45848765432098,77.78287459929983,90.93369839891976,0.0,0.0
1260,35.232,23.703048083609573,130.81971595293209,77.8863825212698,91.16864535108024,0.0,0.0
1270,35.504,24.45647184109692,129.45862461419753,77.81899352571472,92.44578269675925,0.0,0.0
1280,35.792,22.61753711324844,128.89848138503086,77.98413022620853,93.01212480709877,0.0,0.0
1290,36.064,24.6514235515653,129.19726658950617,78.07171656326601,92.61489342206791,0.0,0.0
1300,36.336,23.698748882905967,131.6487109375,78.16309473835543,90.5375390625,0.0,0.0
1310,36.624,25.153208733569915,131.8356216242284,78.16929579371052,90.5469068287037,0.0,0.0
1320,36.896,26.081605721857528,130.08762586805557,77.86471043682228,91.75914544753087,0.0,0.0
1330,37.184,23.198734606609637,126.65847077546296,77.84528633270044,94.81815586419754,0.0,0.0
1340,37.456,24.024691338734566,125.50613088348766,78.23951067769472,96.20318721064815,0.0,0.0
1350,37.744,25.545322633989514,126.16895013503087,77.75731179722808,96.00055507330246,0.0,0.0
1360,38.016,24.374417800965894,125.05136284722222,78.1512294473616,97.60211612654321,0.0,0.0
1370,38.304,24.922128025345277,124.88944396219136,79.33702304939433,101.3206602044753,0.0,0.0
1380,38.576,28.134998415709088,125.0834162808642,79.60322114710024,101.96764612268518,0.0,0.0
1390,38.864,26.37758277950048,124.54792438271605,79.67004929798883,102.67523823302469,0.0,0.0
1400,39.136,26.438141878299636,129.27111014660494,81.9867904501462,101.90750771604938,0.0,0.0
1410,39.424,25.621224063713633,128.87676408179013,81.88750687874106,102.00315441743827,0.0,0.0
1420,39.696,26.389171902878182,129.4454152199074,81.82521685215063,101.36951244212963,0.0,0.0
1430,39.984,25.568211891428735,129.62552662037038,81.67242513364654,101.20305989583333,0.0,0.0
1440,40.256,28.12900221580016,130.21943335262347,82.10236123544246,100.82478587962963,0.0,0.0
1450,40.544,26.131118773129366,129.30149209104937,81.75575346025445,101.79634403935185,0.0,0.0
1460,40.816,24.30320842880137,127.37588204089506,81.71663968971201,103.44258632330246,0.0,0.0
1470,41.088,24.92473177466976,125.82482156635803,81.59125118352034,104.92893518518518,4.822530864197531e-05,0.0
1480,41.376,23.17686921175734,123.8244391396605,79.48386845134063,104.1535976080247,0.0,0.0
1490,41.648,23.298163562273118,121.67729311342593,79.69613648081248,106.43047019675926,0.0,0.0
1500,41.936,22.710887304002828,124.40771846064816,80.36180019203871,104.89635416666667,0.0,0.0
1510,42.208,21.991712227710966,125.13966049382717,80.4276742559881,104.42791618441358,0.0,0.0
1520,42.496,22.092603189425997,123.62253423996914,80.37279830268169,105.27218894675926,0.0,0.0
1530,42.769,23.827254093707044,128.11438078703705,82.23197140717754,103.56733748070988,0.0,0.0
1540,43.056,23.704819543272826,127.16815297067902,82.07966924071316,103.86172453703703,0.0,0.0
1550,43.328,23.869023393492313,127.65609905478395,82.17053181986144,103.55366705246914,0.0,0.0
1560,43.616,25.185745929979078,128.60386140046296,84.14518562307954,103.66020351080248,0.00024112654320987653,0.0
1570,43.888,24.841967589354315,125.46391541280865,83.09823043142775,106.48626880787037,0.00014467592592592592,0.0
1580,44.176,24.581696034673968,128.55068383487654,83.69175125437326,105.93801601080247,4.822530864197531e-05,0.0
1590,44.448,25.268200508674447,128.67669945987655,84.07123376026853,105.75432581018518,0.000626929012345679,0.0
1600,44.736,23.63771194417517,125.65402440200617,83.0913575199043,107.40400511188271,0.00014467592592592592,0.0
1610,45.008,25.788686793521332,125.77931230709876,83.19978441560598,107.34792293595679,9.645061728395063e-05,0.0
1620,45.296,25.749266174559207,124.14832224151235,82.82788340946634,107.72535879629629,0.00014467592592592592,0.0
1630,45.568,24.814852482017976,125.38126639660494,82.90722472377048,105.1413527199074,0.0,0.0
1640,45.856,25.00111258429011,126.36510706018518,83.86264440281353,100.85703751929012,0.1875,0.0
1650,46.128,25.83340704641879,123.72828173225308,83.23016733689519,97.21933304398148,0.0008680555555555555,0.0
1660,46.416,23.997180818243717,127.11744068287037,83.88100781958182,96.48200424382716,0.00048225308641975306,0.0
1670,46.688,26.406749715998128,124.8737041859568,84.07122992030372,90.44392264660493,0.001398533950617284,0.0
1680,46.976,29.37296786680684,129.36086516203704,85.19129208555732,83.35258728780865,0.0007233796296296297,0.0
1690,47.248,22.518375759935612,128.27964699074073,84.5064791140871,95.34418258101852,0.0008198302469135802,0.0
1700,47.536,20.56474810087521,123.04610580632716,82.61060288273481,105.3881606867284,0.0,0.0
1710,47.808,24.765255589041626,124.7137784529321,83.63738737839964,106.43833043981482,0.0,0.0
1720,48.096,24.201578622315115,126.61222077546296,84.10951085815731,104.18304253472222,0.0,0.0
1730,48.368,24.46814629431831,123.6318393132716,83.37073777299615,106.28445167824074,0.0,0.0
1740,48.656,23.245161393881965,123.1840875771605,83.02260057065142,106.29005401234568,0.0,0.0
1750,48.928,23.992913462359095,123.35274353780864,83.95799543601018,103.93673466435185,0.001736111111111111,0.0
1760,49.216,21.92554152499645,124.5273471257716,84.50031178953265,100.38199508101852,0.0003375771604938272,0.0
1770,49.488,22.539623808299027,126.51398244598765,84.85456082816947,99.0571021412037,0.00043402777777777775,0.0
1780,49.776,21.231278863290026,123.32005690586419,81.96197140076332,105.61382282021604,0.0,0.0
1790,50.048,21.42987298545378,124.74268325617284,82.3296533837462,104.69901716820988,0.0,0.0
1800,50.336,20.407212799577163,126.5347193287037,82.49031555116181,102.86216194058642,0.0,0.0
1810,50.608,18.7053915877861,125.64307966820988,82.18637065509708,103.16699411651234,0.0,0.0
1820,50.896,22.035101914375204,125.63431375385802,82.2665090819374,103.82566599151235,0.0,0.0
1830,51.168,21.00297928235509,126.59885898919752,82.31530756440993,102.64066888503086,0.0,0.0
1840,51.456,19.463323315521773,127.33573350694445,82.1486197320934,102.03795138888889,0.0,0.0
1850,51.728,19.234630943819294,128.55368441358024,82.48019162758747,100.79444685570988,0.0,0.0
1860,52.001,18.73527086678965,128.15584056712962,82.36286902917398,100.65329523533951,0.0,0.0
1870,52.288,19.507807013885312,130.173231095679,82.86980825506546,100.3798654513889,0.0,0.0
1880,52.56,23.665743009421263,132.9675429205247,83.3581745282228,99.3768962191358,0.0,0.0
1890,52.848,21.494918957963264,129.4384341242284,80.73567151904166,97.0270167824074,0.0,0.0
1900,53.12,22.067256445982302,132.71651957947532,80.91313960266072,94.56766637731481,0.0,0.0
1910,53.408,22.741647548544723,126.10419656635803,78.37819996950566,97.38762008101853,0.0,0.0
1920,53.68,20.521180938008115,126.93283950617284,78.6010015061547,95.9083415316358,0.0,0.0
1930,53.968,20.853845642887773,130.7904653742284,78.9530386126975,91.69599585262345,0.0,0.0
1940,54.24,21.43962536315754,126.18376591435185,78.70416288516915,95.51006076388889,0.0,0.0
1950,54.528,19.9548458354618,129.09421344521604,78.94522946993402,92.43538869598765,0.0,0.0
1960,54.8,20.930856452250232,122.18138261959876,78.22197755186106,99.49749758873457,0.0,0.0
1970,55.088,20.336278743441195,133.71332272376543,81.5297773496817,90.34872636959877,0.0,0.0
1980,55.36,23.712714518059613,132.03369695216048,81.38659592030712,92.94580343364197,0.0,0.0
1990,55.648,19.646629415610985,132.05008391203702,81.65336581673816,92.45827160493828,0.0,0.0
2000,55.92,19.638450674381964,128.73260802469136,78.69676744318568,90.62757137345679,0.0,0.0
2010,56.208,21.652170010154116,127.9064240933642,78.18913901611488,89.79777391975308,0.0,0.0
2020,56.48,23.00382712548211,127.76679880401234,78.39104049848562,90.6470881558642,0.0,0.0
2030,56.753,22.898246657606318,128.03401765046297,78.64952206651338,90.6094319058642,0.0,0.0
2040,57.04,20.53376300086759,130.50094232253088,78.11765896423066,88.28590567129629,0.0,0.0
2050,57.312,20.87522375203617,132.80836516203703,78.22111545989036,86.36542293595679,0.0,0.0
2060,57.6,23.719375847268637,130.45650318287036,77.66536302878292,88.7658381558642,0.0,0.0
2070,57.872,21.972714087140115,129.727667341821,77.24600044925008,89.08717833719136,0.0,0.0
2080,58.16,19.770107537944824,128.27860291280865,77.26680543507354,89.90678771219136,0.0,0.0
2090,58.432,19.051716962174837,131.39337962962964,77.64942148516549,87.2474860146605,0.0,0.0
2100,58.72,20.337607851325625,129.4588565779321,75.9492962242342,86.08481192129629,0.0,0.0
2110,58.992,20.808376596785177,130.90062017746914,75.78658656086498,85.54477719907408,0.0,0.0
2120,59.28,20.87159475980088,128.87703751929013,75.47702647930771,87.59231963734568,0.0,0.0
2130,59.552,26.401981210463187,131.02592737268517,77.00210066913012,89.80336467978395,0.0,0.0
2140,59.84,20.549540064830808,128.0612958140432,76.50420085155494,92.55008777006172,0.0,0.0
2150,60.112,23.1545638470257,128.11171585648148,76.76316479670434,92.84420862268519,0.0,0.0
2160,60.4,22.742730600597227,128.07608265817902,76.76215253141038,92.67144868827161,0.0,0.0
2170,60.672,20.34835617891768,128.10134500385803,76.7119219273221,92.50331886574074,0.0,0.0
2180,60.96,23.267959770294738,127.67052999614198,76.58816338821138,92.90094714506174,0.0,0.0
2190,61.232,25.151308336414388,129.16605951003086,76.65562199625944,92.16439091435186,0.0,0.0
2200,61.52,21.6399755285946,129.00581066743828,76.43881640153838,92.66081886574074,0.0,0.0
2210,61.792,19.301110029367372,131.02916087962964,76.37125897789305,91.71591628086419,0.0,0.0
2220,62.08,23.670799464891644,127.65229600694444,74.19472552611407,90.96847511574074,0.0,0.0
2230,62.352,21.57547598113363,127.33945553626543,74.17688813234426,91.75307773919754,0.0,0.0
2240,62.624,22.61195654705985,132.1566835455247,76.63556295474568,91.49062548225308,0.0,0.0
2250,62.912,21.960015453263377,131.31970486111112,76.82703685077875,92.77137104552469,0.0,0.0
2260,63.184,23.13622926092905,135.07072916666667,76.1884641474301,89.33592978395062,0.0,0.0
2270,63.472,23.449093361584403,130.98722222222221,73.84226830916838,89.17377025462963,0.0,0.0
2280,63.744,23.318948353072223,132.27882667824073,74.11001502469492,87.54322048611111,0.0,0.0
2290,64.032,22.203530241988485,137.5005295138889,73.91641472271468,83.24543113425926,0.0,0.0
2300,64.304,20.79061826768529,132.7356216242284,71.21653628150389,82.93875434027778,0.0,0.0
2310,64.592,19.358252269789656,130.80470727237653,71.27423502663837,85.59693769290124,0.0,0.0
2320,64.864,19.751772117162627,132.04532889660493,70.75371875640587,85.35854938271605,0.0,0.0
2330,65.152,20.532475077411434,131.74303144290124,69.39353229665319,85.10589023919754,0.0,0.0
2340,65.425,21.0658092921609,130.16167872299383,70.32492898061577,88.92774112654321,0.0,0.0
2350,65.712,19.69748233451872,134.48148533950618,70.87223105855074,87.15722897376543,0.0,0.0
2360,65.984,19.089165985422575,136.7756611689815,70.2130758613756,84.09685329861111,0.0,0.0
2370,66.272,17.39632120304581,133.28172164351852,68.63482388817603,83.80192322530864,0.0,0.0
2380,66.545,18.247011910236292,131.9987533757716,68.50267815521843,85.65933256172839,0.0,0.0
2390,66.832,17.71113645484829,134.9050964506173,68.32342395735252,83.20267939814815,0.0,0.0
2400,67.104,19.147923596624683,135.36403115354938,67.63989283942782,81.57051552854938,0.0,0.0
2410,67.377,19.61733062760862,133.99466001157407,66.92590025928793,83.31632330246913,0.0,0.0
2420,67.664,19.583854523330924,132.51777295524693,66.6398811822408,85.19454137731482,0.0,0.0
2430,67.936,19.354188542609744,132.2908270640432,65.9201100215077,84.5681317515432,0.0,0.0
2440,68.224,18.577978325220617,134.68392554012345,65.56187904635277,81.55409143518519,0.0,0.0
2450,68.496,18.844599184071093,132.4206992669753,65.67280909134125,83.51496334876543,0.0,0.0
2460,68.784,18.554502788042168,133.53804880401233,67.16276348406377,85.28719666280864,0.0,0.0
2470,69.056,19.207737639724797,133.88235821759258,67.3227267220299,84.90572241512346,0.0,0.0
2480,69.344,19.375619290603236,133.57571132330247,67.37369439922949,85.26497829861111,0.0,0.0
2490,69.616,18.74208234411075,134.13363136574074,68.53493444301753,85.10987798996914,0.0,0.0
2500,69.904,17.78475832715238,133.61671682098765,69.72708670408694,86.17679301697531,0.0,0.0
2510,70.176,15.554055657931773,132.03059124228395,69.6546950393708,86.16677083333333,0.0,0.0
2520,70.464,14.975285004613548,130.67549238040124,69.85851843870333,86.67026379243828,0.0,0.0
2530,70.736,16.362346578682263,131.63337143132716,70.46105760596937,85.88722704475309,0.0,0.0
2540,71.024,15.651810329727144,130.25673707561728,70.57969191846539,86.92840567129629,0.0,0.0
2550,71.296,15.575649887942207,128.93770013503087,70.33662572651458,88.10239293981482,0.0,0.0
2560,71.584,16.553369639547636,132.69522472993827,70.95626841342641,84.97944685570988,0.0,0.0
2570,71.856,17.420780077315413,134.12113425925926,70.98052281114661,84.85105902777778,0.0,0.0
2580,72.144,18.13844465297052,134.5152695794753,70.40392589824972,84.08186294367285,0.0,0.0
2590,72.416,16.319909748576606,136.14576871141975,70.3024926591568,82.4639737654321,0.0,0.0
2600,72.688,16.15979534622422,139.07737991898148,70.50206307931678,80.58613763503087,0.0,0.0
2610,72.976,14.689014980436513,135.4761545138889,68.72188074269027,80.8180608603395,0.0,0.0
2620,73.248,13.667499030261032,135.12718653549382,68.3767304840964,80.55035976080246,0.0,0.0
2630,73.536,11.418286498716206,134.42993489583333,68.56425189520469,81.11326195987654,0.0,0.0
2640,73.808,11.348251314571305,133.06831211419754,67.84600087555168,81.49493152006173,0.0,0.0
2650,74.096,12.304752865788036,132.36225790895062,67.59491126733036,82.70912856867284,0.0,0.0
2660,74.368,11.917561363104854,133.67246286651235,68.94168162916765,83.98366946373457,0.0,0.0
2670,74.656,12.236969234345967,132.93290557484568,68.89014445804273,84.72858844521605,0.0,0.0
2680,74.928,12.0757744212963,134.71004340277779,68.90917530196346,82.56059027777778,0.0,0.0
2690,75.216,12.714364134025836,138.61466869212964,69.35111794342666,79.91810956790124,0.0,0.0
2700,75.489,11.920825699263252,134.94303096064814,67.48232247799935,78.85139756944444,0.0,0.0
2710,75.776,11.978718930305348,132.60988088348765,64.99958533429051,76.20017505787037,0.0,0.0
2720,76.048,11.100164405500418,132.92781828703704,64.72113300127342,74.64429494598765,0.0,0.0
2730,76.336,10.444146893534516,131.39635175540124,64.47477998974934,74.73949652777777,0.0,0.0
2740,76.608,10.710398340892164,136.64625964506172,65.86727534897045,72.7633912037037,0.0,0.0
2750,76.896,10.525725305403693,135.54681037808643,65.94697244984674,73.95205922067902,0.0,0.0
2760,77.168,10.308721546144843,135.20584346064814,65.89735837611714,73.54550588348765,0.0,0.0
2770,77.456,10.88641941595207,136.22896894290125,66.31062211474716,73.29393373842592,0.0,0.0
2780,77.729,8.923531329900849,132.36734664351852,63.89328602411157,72.89563946759259,0.0,0.0
2790,78.016,8.461474089393565,132.29428578317902,63.61648578811803,72.02628423996913,0.0,0.0
2800,78.288,8.95601688296029,132.22088927469136,63.766486047479916,72.50153211805555,0.0,0.0
2810,78.576,10.059673351730531,132.10175974151235,64.10867624719137,73.90582513503087,0.0,0.0
2820,78.848,12.007042881843745,131.47270351080246,64.28867364107168,75.20095968364197,0.0,0.0
2830,79.136,12.427085575380167,131.6288985339506,64.67876119434834,75.92981577932099,0.0,0.0
2840,79.408,14.381989677169667,134.15777440200617,64.6551870275864,74.05219859182098,0.0,0.0
2850,79.696,13.35774275858942,135.46343315972223,64.79127446186277,73.27276379243827,0.0,0.0
2860,79.968,13.484217734555843,131.5478800154321,65.07647343705806,77.64345437885802,0.0,0.0
2870,80.256,13.573842143247884,132.5687745949074,65.12379766988883,77.81291232638888,0.0,0.0
2880,80.528,14.005379449454512,132.88604600694444,65.31118930045669,77.74975983796297,0.0,0.0
2890,80.816,12.87089478439937,134.05929783950617,64.80135747886915,75.56891300154321,0.0,0.0
2900,81.088,12.667054255198806,133.22998697916665,64.89215253955628,75.85718267746914,0.0,0.0
2910,81.36,10.902782417743662,135.51765673225307,64.32701160504894,71.94914496527778,0.0,0.0
2920,81.648,10.974783740835088,133.85006992669753,64.71218231205071,73.7168571566358,0.0,0.0
2930,81.92,10.564875673948698,136.77765094521604,64.12685856359275,70.64105613425926,0.0,0.0
2940,82.208,11.288555571180405,135.3796407214506,64.35502375352607,72.2450144675926,0.0,0.0
2950,82.48,11.330517988873646,136.89813368055556,63.61868374676715,69.98938512731482,0.0,0.0
2960,82.768,11.39990929057222,139.0917404513889,63.445478991532894,69.22062017746913,0.0,0.0
2970,83.04,10.21089062767337,137.20791763117285,62.80228690850087,69.28986400462964,0.0,0.0
2980,83.328,11.255968920256327,131.71629340277778,60.998415774525476,71.33456886574074,0.0,0.0
2990,83.6,11.03304623674935,132.40910252700618,60.937489400085354,71.56572530864197,0.0,0.0
3000,83.888,10.400373222472247,132.75940152391976,60.87912818100573,71.03752363040124,0.0,0.0
3010,84.161,9.43912605732501,132.7853375771605,59.76004284773438,68.91012249228395,0.0,0.0
3020,84.448,8.781549532833836,134.4241121720679,59.787996121588684,67.06307581018518,0.0,0.0
3030,84.72,8.727470435572917,132.99269338348765,59.72846614766971,68.28556520061728,0.0,0.0
3040,85.008,8.950118151535222,134.53139467592592,60.31102990359005,67.93003761574074,0.0,0.0
3050,85.28,9.186231666679127,135.33457802854937,60.117353001493996,67.14678481867284,0.0,0.0
3060,85.568,8.750963059346374,135.14523919753086,60.036908347356075,66.96255111882716,0.0,0.0
3070,85.84,8.07931939018516,137.0048509837963,58.91704685087056,64.11201099537037,0.0,0.0
3080,86.128,7.423692578828054,137.07929157021604,58.64296281853644,63.260448977623454,0.0,0.0
3090,86.4,6.7161317946331796,137.07560812114198,58.64204625248183,63.15339602623457,0.0,0.0
3100,86.688,6.961038771179692,137.10182098765432,58.60740925120053,62.9888565779321,0.0,0.0
3110,86.96,7.3273243827160535,137.0850004822531,58.61185674992234,63.13925540123457,0.0,0.0
3120,87.232,6.6484750353317414,137.11047743055556,58.53676095320958,62.87501109182099,0.0,0.0
3130,87.52,6.930669822493795,137.3598080632716,57.862878666608154,61.421142939814814,0.0,0.0
3140,87.792,5.372537127459255,140.92681616512345,47.29543703388968,41.012072723765435,0.0,0.0
3150,88.08,4.374663374827934,141.04457802854938,46.88892543329758,40.49368489583333,0.0,0.0
3160,88.352,7.237429079816225,137.17986738040125,58.33140508272806,62.618496334876546,0.0,0.0
3170,88.64,13.655588239359616,135.9430401234568,61.837801265040824,72.85266975308642,0.0,0.0
3180,88.912,19.270134289019587,135.91914882330246,62.07231006124664,74.04391541280864,0.0,0.0
3190,89.2,18.831469486170633,135.89333767361111,62.03952064526508,74.30997202932099,0.0,0.0
3200,89.472,19.54220229585866,135.89438994984567,62.0439591426658,74.41187210648148,0.0,0.0
3210,89.76,19.67153960085873,135.91765480324074,62.06670588329129,74.17499421296296,0.0,0.0
3220,90.032,19.10754218944032,135.9029079861111,62.03530292550404,74.38754870756173,0.0,0.0
3230,90.32,19.41882431972173,135.90252411265433,62.032407188994874,74.49489052854938,0.0,0.0
3240,90.592,17.93436717750866,135.87088493441357,62.0380124265695,74.01327015817901,0.0,0.0
3250,90.865,15.392385950150777,135.82349729938272,61.751441254975894,72.6946416859568,0.0,0.0
3260,91.152,21.201254993456978,135.03098861882717,61.89027826374289,74.97989293981482,0.0,0.0
3270,91.424,16.130475724204775,134.9050631751543,61.704384000187986,73.85915798611111,0.0,0.0
3280,91.712,15.036612826322507,134.43123697916667,61.65634708326139,74.40654224537037,0.0,0.0
3290,91.984,18.221918249435436,136.65187789351853,61.54108329956634,72.25190441743827,0.0,0.0
3300,92.272,17.87698105593686,137.40263744212962,61.45647288998189,71.42117766203704,0.0,0.0
3310,92.544,17.568599014342933,136.41802469135803,61.42417895719688,72.93569830246913,0.0,0.0
3320,92.832,16.418829682439323,136.70573013117283,61.53153240172208,72.47487847222222,0.0,0.0
3330,93.104,16.84784015955786,134.17889371141976,62.1656892030683,75.54323254243828,0.0,0.0
3340,93.392,16.526170645075787,136.04634789737653,61.83351136106473,73.00777536651235,0.0,0.0
3350,93.664,14.48329063177237,134.75404947916667,62.05381884310884,73.83022231867284,0.0,0.0
3360,93.936,16.354602576361774,135.6288382523148,61.929674753045596,72.74112172067902,0.0,0.0
3370,94.224,14.571844035720055,136.8480719521605,61.37336733016931,70.81168885030864,0.0,0.0
3380,94.496,17.176311787420605,136.86061631944443,61.368703751984654,71.77358410493827,0.0,0.0
3390,94.784,17.464063313857665,135.98814429012344,61.170334665142526,72.83004581404322,0.0,0.0
3400,95.056,15.460868799430015,136.81450810185186,60.527063542465235,71.72875241126543,0.0,0.0
3410,95.344,13.738144060337865,137.17769290123456,60.30444031002,71.47518952546297,0.0,0.0
3420,95.616,14.521081418877651,137.90469328703705,60.165845048977964,70.61207175925927,0.0,0.0
3430,95.904,15.719478632381366,136.1383526234568,60.30215048368878,73.95246720679012,0.0,0.0
3440,96.176,13.908251160158919,139.24506413966049,59.37613004927494,70.98439718364197,0.0,0.0
3450,96.464,14.967364428692099,136.9301948302469,57.345454144461804,70.07751253858025,0.0,0.0
3460,96.736,13.745792731906436,138.31156684027778,56.84407341807177,68.29675877700618,0.0,0.0
3470,97.024,12.455802774142043,137.77108458719135,56.82479670083326,67.91270351080247,0.0,0.0
3480,97.296,14.377656235464494,137.38908323688273,56.996403655385,68.49662037037037,0.0,0.0
3490,97.584,14.7439069607184,138.22004822530863,56.868944349962725,67.96760127314815,0.0,0.0
3500,97.856,13.605206491720985,138.2522010030864,56.63217932011816,67.73247733410494,0.0,0.0
3510,98.144,14.74334447136188,136.28525848765432,57.156730262705,69.96448736496913,0.0,0.0
3520,98.416,14.262925515084017,137.7369063464506,56.48416088720329,68.30666329089506,0.0,0.0
3530,98.704,15.877152288724181,139.4413845486111,56.61483233865034,67.45106047453703,0.0,0.0
3540,98.976,16.397230183751585,138.41111593364198,56.969534935546385,68.83647955246913,0.0,0.0
3550,99.248,16.385881102231625,138.9074402006173,56.58286735481414,68.20762683256173,0.0,0.0
3560,99.536,15.913853946766832,139.2895418595679,56.915061952074446,68.29412229938272,0.0,0.0
3570,99.808,16.52335117577447,139.7087109375,56.50856378791321,67.4892790316358,0.0,0.0
3580,100.096,13.362976196787686,140.46042727623455,56.21132175335136,65.85218267746913,0.0,0.0
3590,100.369,14.231687297847202,140.24398244598765,56.319492978096655,66.90439332561728,0.0,0.0
3600,100.656,15.27297676034074,142.17822627314814,55.97133563071363,64.90585696373456,0.0,0.0
3610,100.928,14.699217289751807,141.14729600694446,56.13306845694201,65.97447771990741,0.0,0.0
3620,101.216,15.749350673903113,138.43851224922838,56.40935901305935,69.22038966049382,0.0,0.0
3630,101.488,16.686450935046082,141.00265383873457,55.863540950782586,66.3125395447531,0.0,0.0
3640,101.776,13.865992395894912,141.8267472029321,54.924375735394435,64.34428819444445,0.0,0.0
3650,102.048,11.851429198726626,140.47806230709875,54.473618884256275,64.24059124228395,0.0,0.0
3660,102.336,11.44531721372251,141.89544077932098,54.414901051560875,63.433274980709875,0.0,0.0
3670,102.608,12.323421795628251,138.9196455439815,52.395558003563245,61.84310329861111,0.0,0.0
3680,102.896,10.909138109646186,141.40331452546297,51.77404850577434,58.140695891203706,0.0,0.0
3690,103.168,11.494937042071442,139.88918933256173,52.455553069881205,59.9584268904321,0.0,0.0
3700,103.44,12.24417434362136,140.33018614969137,52.274210806254516,59.58983410493827,0.0,0.0
3710,103.728,12.22828243297477,141.42044945987655,52.270000508460555,57.91569830246914,0.0,0.0
3720,104.0,12.312615243364915,141.0508728780864,51.967730972337414,58.15642457561729,0.0,0.0
3730,104.288,12.165841240140619,140.04984953703703,52.026420141350066,58.880679494598766,0.0,0.0
3740,104.56,12.438881328514736,140.42743537808641,51.97364617200417,58.649884741512345,0.0,0.0
3750,104.848,14.788219822334948,139.34035686728396,52.58051364259333,61.14389949845679,0.0,0.0
3760,105.12,13.053821198528182,139.65283950617285,51.882380493866634,60.30107783564815,0.0,0.0
3770,105.408,12.470675401674558,139.81148148148148,51.81754413268306,60.137556905864194,0.0,0.0
3780,105.68,12.12735094824106,139.45700520833333,51.445621512635505,59.98723572530864,0.0,0.0
3790,105.968,11.620593383786955,139.2674392361111,50.99323748568984,60.14541618441358,0.0,0.0
3800,106.24,10.536247837488414,139.51561680169752,50.78039507960845,60.17959635416667,0.0,0.0
3810,106.528,9.819324986446867,139.05830005787038,50.53002768114636,59.88931712962963,0.0,0.0
3820,106.8,10.272608709833083,139.19036265432098,50.40369594690136,59.898671875,0.0,0.0
3830,107.088,11.016034429236495,138.83165991512345,50.56937393914726,60.39546971450617,0.0,0.0
3840,107.36,9.636865841201763,139.8784944058642,50.27602599282618,58.73440441743827,0.0,0.0
3850,107.648,10.291681077064036,140.34393229166668,49.90624768110772,57.8771199845679,0.0,0.0
3860,107.92,9.490700914580328,140.74627170138888,48.919304196298825,55.55837143132716,0.0,0.0
3870,108.192,8.60826345365548,140.71423177083332,48.806351589140654,55.30728925540124,0.0,0.0
3880,108.48,9.725435683008936,140.37494261188272,49.153462593750525,56.59043933256173,0.0,0.0
3890,108.752,9.348134222461411,139.46663194444446,48.52216661056749,56.188699363425926,0.0,0.0
3900,109.04,8.975509257618263,140.1239269868827,48.65093526889159,55.43674382716049,0.0,0.0
3910,109.312,10.0203269311222,141.29332851080247,48.85405593106486,54.90699315200617,0.0,0.0
3920,109.6,9.403094350293232,139.812795621142,48.827817376531144,56.31226851851852,0.0,0.0
3930,109.872,9.195019888912666,140.3865055941358,48.38595713428331,54.96823061342592,0.0,0.0
3940,110.16,9.145557480637496,140.0844772376543,48.157398786145656,55.05767602237654,0.0,0.0
3950,110.432,8.232265052480518,139.69637635030864,48.410938856326176,56.40041811342593,0.0,0.0
3960,110.72,9.593273034868675,139.5092226080247,49.53685020443394,58.71806230709876,0.0,0.0
3970,110.992,10.203812183604903,139.50949797453703,49.575221242228935,58.73748360339506,0.0,0.0
3980,111.28,9.97838968005163,139.4888358410494,49.6159511039496,58.88520640432099,0.0,0.0
3990,111.552,8.792571349938578,139.66722029320988,49.085150698026,57.45729552469136,0.0,0.0
4000,111.84,9.836629481585884,139.54456741898147,49.563476334815036,58.83815441743827,0.0,0.0
4010,112.113,10.504951740039655,139.5199643132716,49.60078544170357,58.90976658950617,0.0,0.0
4020,112.4,9.681097007541226,139.51234905478395,49.587172712472594,58.880676601080246,0.0,0.0
4030,112.672,9.99522707110746,139.5360903742284,49.57746237760451,58.808816550925926,0.0,0.0
4040,112.96,9.285792250974103,139.58908323688271,49.43686795434397,58.56031635802469,0.0,0.0
4050,113.232,4.14157398922953,142.47977575231482,39.78760169182371,39.44224922839506,0.0,0.0
4060,113.52,6.124358104809882,142.60077594521604,39.622961370667355,39.67778501157407,0.0,0.0
4070,113.792,9.60386087873285,139.6068402777778,49.286208548587496,58.08734085648148,0.0,0.0
4080,114.08,10.397407247962485,139.42263888888888,49.954758206762875,59.75363667052469,0.0,0.0
4090,114.352,11.595143603246772,139.43968219521605,50.05917451188951,59.97024691358025,0.0,0.0
4100,114.64,9.068990625133724,139.78761284722222,48.74261280402155,57.05173755787037,0.0,0.0
4110,114.912,8.084733204278308,139.84983072916665,48.468219488307966,56.22151041666667,0.0,0.0
4120,115.2,8.797135403932172,139.7394854359568,48.75498559032391,56.84993055555555,0.0,0.0
4130,115.472,14.33394897666318,139.2251875964506,50.64581500276296,62.00338348765432,0.0,0.0
4140,115.744,22.970200390264043,139.27991898148147,51.26573135285527,63.782078993055556,0.0,0.0
4150,116.032,23.478639269699283,139.26682484567903,51.24080629773354,64.04179349922839,0.0,0.0
4160,116.304,23.980266777584855,139.26976369598765,51.24574151912158,64.05441309799383,0.0,0.0
4170,116.592,22.6383093165154,139.28136815200617,51.243224569815766,64.04065248842592,0.0,0.0
4180,116.864,22.56523415255238,139.2977522183642,51.22527595969154,64.03531442901235,0.0,0.0
4190,117.152,23.08571446743537,139.31702015817902,51.20665061287059,63.81507378472222,0.0,0.0
4200,117.424,22.719222887829847,139.2840663580247,51.23311873599824,63.81442563657407,0.0,0.0
4210,117.712,19.801133174189815,139.27987606095678,51.17008232133741,63.54102141203704,0.0,0.0
4220,117.984,19.41298746644113,139.06328703703704,50.77700488294002,63.175191936728396,0.0,0.0
4230,118.272,21.724728713437127,138.37697675540124,51.355982100392104,63.474460841049385,0.0,0.0
4240,118.544,24.099796914925186,137.84047694830247,51.51227838005677,64.62544897762346,0.0,0.0
4250,118.832,25.124162666421036,140.04126929012347,50.71884365430313,61.91295235339506,0.0,0.0
4260,119.104,25.20033795470192,141.0462360146605,50.12880679316446,59.527398244598764,0.0,0.0
4270,119.392,26.184798058302476,140.96688802083332,49.95721528601353,59.17493103780864,0.0,0.0
4280,119.664,23.523459133421085,140.87794897762345,49.75047632668808,59.20759693287037,0.0,0.0
4290,119.952,24.631015521843064,139.94105999228395,49.78503314942846,59.96206307870371,0.0,0.0
4300,120.224,20.14404639050285,139.35111062885804,49.58261526062585,60.61465760030864,0.0,0.0
4310,120.512,22.07115449432992,138.88953221450618,49.963946181325014,61.463905767746915,0.0,0.0
4320,120.784,23.424599953337303,139.22924286265433,49.920823728866544,61.180916280864196,0.0,0.0
4330,121.056,15.755439606685956,139.45663580246912,49.40871156678639,60.30736448688272,0.0,0.0
4340,121.344,12.85221788522621,140.86782552083332,48.60469924486791,58.31853202160494,0.0,0.0
4350,121.632,12.502875003682949,141.3112321566358,48.34932349837685,57.76501398533951,0.0,0.0
4360,121.904,13.38971738197525,141.4416869212963,48.37131143274639,58.17600356867284,0.0,0.0
4370,122.192,15.921423873112033,142.10464361496915,48.746860873957075,57.46018229166667,0.0,0.0
4380,122.464,18.073739864586003,143.42490981867283,48.2978373407003,55.992091049382715,0.0,0.0
4390,122.736,15.708035520260852,142.42720968364196,48.4609133037803,57.714976369598766,0.0,0.0
4400,123.024,17.777853038929134,143.05450761959875,47.93582512610463,57.083033854166665,0.0,0.0
4410,123.296,19.465691067500472,141.76484857253087,48.259869525943586,58.96461950231482,0.0,0.0
4420,123.584,16.235542738153907,142.37867476851852,47.55732646238572,57.40904513888889,0.0,0.0
4430,123.856,18.628549227959468,142.9527030285494,47.560431264677774,57.21710069444445,0.0,0.0
4440,124.144,17.45682482274874,142.2184910300926,47.635210604668224,58.02374903549383,0.0,0.0
4450,124.416,18.217291993393136,142.65946952160493,47.172043526020296,56.97907696759259,0.0,0.0
4460,124.704,16.668433595713807,142.06782552083334,46.75602294696137,57.21998119212963,0.0,0.0
4470,124.976,18.60799860628858,143.06264805169752,46.739153042924535,56.13937789351852,0.0,0.0
4480,125.264,16.04987590572019,141.87851417824075,46.33191125718561,57.457151331018515,0.0,0.0
4490,125.536,16.806818528241486,142.50929446373456,46.10350292230602,56.75720775462963,0.0,0.0
4500,125.824,19.422713707742567,144.36831018518518,45.878433793085875,54.61157118055556,0.0,0.0
4510,126.096,18.869713312804844,143.17881896219137,45.85664346796832,56.357458526234566,0.0,0.0
4520,126.384,21.371383007779002,142.71914689429013,45.82845084795351,57.00246141975309,0.0,0.0
4530,126.656,21.116838345073194,142.8714130015432,45.44297243937848,56.18152970679012,0.0,0.0
4540,126.944,17.09701859219237,142.6974141589506,44.67835481692181,55.31003038194444,0.0,0.0
4550,127.216,17.75033996900161,141.82414978780864,44.44286868111038,56.04405430169753,0.0,0.0
4560,127.504,15.056586857194723,141.57932725694445,43.51289531673636,54.434528838734565,0.0,0.0
4570,127.776,13.878597984313984,141.7490017361111,42.43420220357548,52.83249565972222,0.0,0.0
4580,128.064,12.663946705228124,142.05081163194444,42.071098728834755,52.06131365740741,0.0,0.0
4590,128.336,12.56852293623936,141.12788483796297,41.839816671288695,51.99152054398148,0.0,0.0
4600,128.624,14.67667254593439,142.27846016589507,41.97200154780643,51.75299913194444,0.0,0.0
4610,128.896,14.929146612370921,141.28170765817902,41.885349385309276,52.243128375771605,0.0,0.0
4620,129.168,15.624495055845125,142.1088956404321,41.834154143345444,51.234056230709875,0.0,0.0
4630,129.456,12.652334559829969,142.42852864583332,41.08302064274938,50.589014756944444,0.0,0.0
4640,129.744,14.363181905186028,142.01097752700616,40.67126596922482,50.633057966820985,0.0,0.0
4650,130.016,14.116552825793768,142.7938459683642,40.43920038158671,48.91224054783951,0.0,0.0
4660,130.288,13.655468500385647,142.80830343364198,39.416477701906636,48.638652584876546,0.0,0.0
4670,130.576,14.174804685032685,143.72260754243828,39.152627067653015,47.414249131944445,0.0,0.0
4680,130.848,12.841260105962979,144.06296055169753,37.946537221557485,45.520636574074075,0.0,0.0
4690,131.136,13.462616093218765,144.3782388117284,36.76544992100036,45.67314959490741,0.0,0.0
4700,131.408,13.918965060762966,144.85573013117283,36.7917929098083,44.92492332175926,0.0,0.0
4710,131.696,12.52465518192081,145.02711226851852,36.10213181462693,44.36720003858024,0.0,0.0
4720,131.968,14.78493441350489,144.8389805169753,36.46507692397983,44.828208912037034,0.0,0.0
4730,132.256,15.574200230096297,145.3605613425926,36.24927756242251,44.227528935185184,0.0,0.0
4740,132.528,12.498752871168731,146.51252700617283,34.88656358774051,42.25055121527778,0.0,0.0
4750,132.816,12.67509691678387,146.14980516975308,34.99171433231303,42.80178481867284,0.0,0.0
4760,133.088,12.933246005083673,146.11827932098765,34.73235839787979,42.90051697530864,0.0,0.0
4770,133.376,10.102070307336758,146.8108198302469,34.614360772168546,41.79616512345679,0.0,0.0
4780,133.648,17.348683232949515,146.95293065200616,35.97920047668871,44.506110628858025,0.0,0.0
4790,133.936,19.261055516612277,147.0370601851852,36.131931297638985,44.80602141203704,0.0,0.0
4800,134.208,20.506886720870785,146.9887818287037,36.20227864767363,44.85253086419753,0.0,0.0
4810,134.496,13.727227907337713,146.90777922453702,35.068790187195546,43.40981722608025,0.0,0.0
4820,134.768,14.256667126425544,146.47255449459877,35.35897348900833,43.358784722222225,0.0,0.0
4830,135.056,18.164542809770207,146.6042539544753,35.82712529850314,43.89345052083333,0.0,0.0
4840,135.328,17.090150461474533,147.33990547839505,35.85925542189019,44.25997829861111,0.0,0.0
4850,135.6,15.57320601838456,148.28208236882716,35.316966877757274,43.14547550154321,0.0,0.0
4860,135.888,15.173851665713464,148.32242669753086,34.64340907275332,42.56649643132716,0.0,0.0
4870,136.16,14.219204205246921,144.22136236496914,33.49685572003034,42.83215663580247,0.0,0.0
4880,136.448,14.884902503919623,144.41237123842592,33.821027464381395,42.67861304012346,0.0,0.0
4890,136.736,12.940202813767913,144.94599247685184,32.7275298829345,41.0711077353395,0.0,0.0
4900,137.008,14.339182555845108,145.43815779320988,32.928806127106746,41.19137972608025,0.0,0.0
4910,137.28,14.548340287255154,145.5949749228395,32.19596652132728,40.29767264660494,0.0,0.0
4920,137.568,13.003166472124425,146.88531925154322,30.90540735292139,37.9003337191358,0.0,0.0
4930,137.84,13.9882359002361,146.74244261188272,30.486119313686647,38.50131076388889,0.0,0.0
4940,138.128,14.240347222176652,146.8106534529321,30.010785918371997,37.96634837962963,0.0,0.0
4950,138.401,14.08108803320759,146.54238040123457,29.76901727097617,37.40740113811729,0.0,0.0
4960,138.688,15.251166530162019,146.65933449074075,30.066298242204606,37.76919415509259,0.0,0.0
4970,138.96,11.50611918102462,147.1105570023148,28.67371015375933,36.34075761959877,0.0,0.0
4980,139.248,15.38234689366846,147.1826533564815,28.73468331968959,36.02257426697531,0.0,0.0
4990,139.52,13.025090663342107,147.65401523919752,28.551517872516225,36.18698109567901,0.0,0.0
5000,139.808,16.15715263773089,147.90640576774692,28.176436286061758,35.725019290123456,0.0,0.0
5010,140.08,14.735256248927392,147.55799816743829,28.473170977166923,35.08550106095679,0.0,0.0
5020,140.368,16.469771346708672,147.9901885609568,28.677279990062004,35.46761477623457,0.0,0.0
5030,140.64,14.487215381855702,148.303057966821,27.76686993307529,34.6446662808642,0.0,0.0
5040,140.928,13.779253950605133,144.5153867669753,26.593542727335354,33.32957561728395,0.0,0.0
5050,141.2,11.017110818996121,144.4516222993827,26.277237787926005,33.480749421296295,0.0,0.0
5060,141.488,10.976325572602743,144.96381269290123,26.618338790424733,33.72780960648148,0.0,0.0
5070,141.76,14.488684369774669,145.1449614197531,27.73364925156258,34.80854263117284,0.0,0.0
5080,142.048,18.542900701594284,145.1335932677469,28.091749456079896,36.1196875,0.0,0.0
5090,142.32,19.325170676175958,145.1318788580247,28.071554190121088,36.023314525462965,0.0,0.0
5100,142.608,10.51549186933204,145.1700921103395,26.65753354705041,33.36671730324074,0.0,0.0
5110,142.88,12.392684667376862,145.55453944830248,26.36681757886529,32.81554639274692,0.0,0.0
5120,143.168,9.124305056222443,146.13947241512346,24.687324124068997,30.08133246527778,0.0,0.0
5130,143.44,10.085153317386792,146.0590808256173,24.582039259019385,29.373862847222224,0.0,0.0
5140,143.728,10.492201940390501,145.7757807677469,24.270131668902344,29.52652102623457,0.0,0.0
5150,144.0,11.10600099949929,145.90734471450617,24.348123360510257,29.74669560185185,0.0,0.0
5160,144.272,9.324664824331268,145.9696344521605,23.865891041604517,28.88678096064815,0.0,0.0
5170,144.56,10.420171024219368,146.14906153549381,23.97048089760922,29.46431037808642,0.0,0.0
5180,144.832,10.958783235408932,146.19853829089507,23.821935192999884,29.397118055555556,0.0,0.0
5190,145.12,9.367149339361406,146.28442033179013,23.628887061457977,28.642670235339505,0.0,0.0
5200,145.392,10.532729552409597,145.9652734375,23.42331900589269,28.731255787037036,0.0,0.0
5210,145.68,10.657894482187436,145.8993682484568,23.603774913926586,29.11629870756173,0.0,0.0
5220,145.952,7.519437654942408,146.12773726851853,22.72076145916696,26.7130078125,0.0,0.0
5230,146.24,9.492796583549216,146.00870804398147,22.876639051096134,27.75031394675926,0.0,0.0
5240,146.512,9.890874323165374,146.6484408757716,23.224196080670634,28.28688994984568,0.0,0.0
5250,146.8,9.530169270821935,146.48490210262347,23.693255283617475,28.019836516203704,0.0,0.0
5260,147.072,9.461273146507148,146.55862654320987,23.58988405381125,28.327531346450616,0.0,0.0
5270,147.36,8.661168477022567,147.3016227816358,22.68721410623336,27.250045331790123,0.0,0.0
5280,147.632,7.6093926460904475,147.5394323881173,22.55152555477278,26.741987847222223,0.0,0.0
5290,147.92,9.4777372683613,147.78411265432098,22.40787855463116,27.069798900462963,0.0,0.0
5300,148.192,9.127397753772296,148.22523630401236,22.1753477564895,26.50836612654321,0.0,0.0
5310,148.464,7.930466316240354,148.88333622685184,22.075856060729222,25.48074652777778,0.0,0.0
5320,148.752,13.691888880002692,148.8643856095679,24.114629438373516,29.578750482253085,0.0,0.0
5330,149.024,16.167004135018818,148.83144048996914,24.287379466086815,30.11500144675926,0.0,0.0
5340,149.312,16.288400274498898,148.7880068479938,24.316140940423104,29.986001157407408,0.0,0.0
5350,149.584,16.448658301561746,148.8126774691358,24.30298202580479,30.130445601851854,0.0,0.0
5360,149.872,17.728476941596135,148.79592206790124,24.32241394631761,30.15757282021605,0.0,0.0
5370,150.144,15.3090855516938,148.78873119212963,24.25893808092439,29.887021604938273,0.0,0.0
5380,150.432,16.270639861882643,148.82263020833332,24.290721092616575,30.07807388117284,0.0,0.0
5390,150.704,6.848080097546992,149.3819748263889,19.583834741328836,21.191700424382717,0.0,0.0
5400,150.992,5.25438506418631,149.4619208140432,19.226835725429023,20.310902777777777,0.0,0.0
5410,151.264,14.741557155930435,148.87129484953704,24.140609253593976,29.46994984567901,0.0,0.0
5420,151.536,18.258463483988862,148.79886477623458,24.331864805854966,30.18582706404321,0.0,0.0
5430,151.824,16.802915198555574,148.7875988618827,24.297991105669357,29.80354697145062,0.0,0.0
5440,152.096,12.16928236031239,148.92101080246914,23.53654393831152,28.37782986111111,0.0,0.0
5450,152.384,11.42013639857614,148.92078125,23.39302963080794,27.989594425154323,0.0,0.0
5460,152.656,19.777037440784216,148.80291039737654,24.481317591039122,30.68330680941358,0.0,0.0
5470,152.944,18.50560945329078,148.8838493441358,23.92324789188205,31.03789351851852,0.0,0.0
5480,153.216,17.99689415366277,148.91775077160494,23.795771705814264,31.056183449074073,0.0,0.0
5490,153.504,19.826151069544835,148.79968894675926,24.18876309426674,30.999741030092594,0.0,0.0
5500,153.776,22.148946644648795,148.7960296103395,24.448650355413964,31.199619984567903,0.0,0.0
5510,154.064,16.953764371138266,148.84133391203704,24.315049091097244,30.27718074845679,0.0,0.0
5520,154.336,7.757761298005577,149.0870100308642,22.100639546739348,24.871337287808643,0.0,0.0
5530,154.624,14.63535098016451,148.8714776234568,24.038935433960273,29.340557966820988,0.0,0.0
5540,154.896,15.938344349857852,148.82773389274692,24.137085320235894,29.623321277006173,0.0,0.0
5550,155.184,17.15924177758488,148.76679542824073,24.34176330430361,30.191738522376543,0.0,0.0
5560,155.456,18.099235946228745,148.91174913194445,23.89218369312668,30.995116705246915,0.0,0.0
5570,155.744,10.486072502374617,149.21235580632717,20.981290695189756,28.13240017361111,0.0,0.0
5580,156.016,11.782647517632007,149.08737798996913,22.237948658850932,29.378091724537036,0.0,0.0
5590,156.288,19.79645526134768,148.85380449459876,24.15371186223222,31.060341435185187,0.0,0.0
5600,156.576,19.629658445587413,148.79717110339507,24.410889641414283,30.601324266975308,0.0,0.0
5610,156.848,11.628334238763506,148.8757711226852,23.69760230272744,28.354090952932097,0.0,0.0
5620,157.136,11.51537560658187,148.91053867669754,23.576534990734288,28.298349247685184,0.0,0.0
5630,157.408,13.421893301503706,148.8698297646605,23.768031322421887,28.794647955246912,0.0,0.0
5640,157.696,14.50859082700674,148.8218320794753,24.142767447480296,29.45913676697531,0.0,0.0
5650,157.968,16.0728930140596,148.81454330632715,24.24844734610273,29.981464602623458,0.0,0.0
5660,158.256,18.637295497489283,148.81092881944446,24.431489081193682,30.588142843364196,0.0,0.0
5670,158.528,18.23025172624185,148.81561294367285,24.445150967643812,30.21374083719136,0.0,0.0
5680,158.816,18.334843175147387,148.8252840470679,24.441922622666716,30.585730131172838,0.0,0.0
5690,159.088,18.235733869970133,148.83349922839506,24.43123450087781,30.64469039351852,0.0,0.0
5700,159.376,17.937215443476926,148.78111738040124,24.38674400182853,30.38495949074074,0.0,0.0
5710,159.648,17.59341525347164,148.85256172839507,24.427313579741867,30.69649787808642,0.0,0.0
5720,159.92,14.497818590415301,148.89410590277777,24.14191078732837,29.729231770833334,0.0,0.0
5730,160.208,17.160915274547886,148.71650221836418,23.28657082198811,28.4314737654321,0.0,0.0
5740,160.48,16.96681940972646,149.02050395447532,22.974469077122535,27.7862890625,0.0,0.0
5750,160.768,15.495470279902335,149.41851996527777,21.95026363791568,26.462247781635803,0.0,0.0
5760,161.04,13.361496362248642,146.01742814429014,19.5761124291244,23.280511670524692,0.0,0.0
5770,161.328,11.598987196623364,146.46473524305554,18.891956619562638,23.082171585648148,0.0,0.0
5780,161.6,13.157093405036246,146.8711395640432,18.486177618619536,22.453444733796296,0.0,0.0
5790,161.888,10.174410637088148,147.4653197337963,17.76686742086045,21.17205680941358,0.0,0.0
5800,162.16,10.796712429116749,147.7272627314815,18.054453785605325,22.45780864197531,0.0,0.0
5810,162.448,16.492641665169867,147.87261911651234,20.421396808866486,25.355646219135803,0.0,0.0
5820,162.72,16.974956553416646,147.83780960648147,20.448754504580368,25.360313464506174,0.0,0.0
5830,163.008,16.737972941061887,147.8816618441358,20.40387441120618,25.413858506944443,0.0,0.0
5840,163.28,17.656102701588267,147.85793065200616,20.436719933583387,25.617453221450617,0.0,0.0
5850,163.552,11.053237265191632,147.90742332175927,19.69560020180694,23.30934268904321,0.0,0.0
5860,163.84,9.072781094238717,148.1091835455247,18.222992016653983,20.85846064814815,0.0,0.0
5870,164.112,6.898285998026297,148.37077980324074,15.557408330246433,16.67736930941358,0.0,0.0
5880,164.4,15.820786995620395,147.85602912808642,20.362419869733365,24.84311728395062,0.0,0.0
5890,164.672,19.402750140135968,147.8595944251543,20.444114729504996,25.986455439814815,0.0,0.0
5900,164.96,18.111380574994296,147.89475935570988,20.446600371421415,25.74618441358025,0.0,0.0
5910,165.232,14.710987144064614,147.90122926311727,20.272733077620384,24.428936149691356,0.0,0.0
5920,165.52,15.619424554499876,147.87284577546296,20.204935933239174,24.735947627314815,0.0,0.0
5930,165.792,12.231400750504276,147.9350713734568,19.67722017859985,23.666247588734567,0.0,0.0
5940,166.08,10.450607561191633,147.94586853780865,19.61505472262781,23.236028645833333,0.0,0.0
5950,166.352,11.244355586619205,147.95246286651235,19.51885154771594,23.304417438271606,0.0,0.0
5960,166.64,9.637276536310747,148.05931712962962,18.665580067077425,21.809780092592593,0.0,0.0
5970,166.912,5.801090795990541,148.28828559027778,16.459124615373536,17.529581886574075,0.0,0.0
5980,167.2,6.661213795826088,148.38071518132716,15.378016914865391,16.17571421682099,0.0,0.0
5990,167.472,7.186344922075702,148.2884592013889,16.315552837075792,17.563642457561727,0.0,0.0
6000,167.76,5.490754675359718,148.296863908179,16.433734582654612,17.69777102623457,0.0,0.0
6010,168.032,7.5694164160876305,148.19696566358024,17.28872612363293,18.959133391203704,0.0,0.0
6020,168.32,10.229745307483968,148.0310730131173,18.842657512305294,21.718858506944443,0.0,0.0
6030,168.592,14.768275778369645,147.85621913580246,20.238571646981523,24.66463204089506,0.0,0.0
6040,168.88,15.124877296938704,147.89579089506174,20.278632802356725,25.07377459490741,0.0,0.0
6050,169.152,16.504856099361962,147.86649257330248,20.301730225043446,25.17935474537037,0.0,0.0
6060,169.44,14.797559134152301,147.88870852623458,20.3082774673504,24.96654610339506,0.0,0.0
6070,169.712,15.71217766234867,147.90924479166668,20.361690210535436,25.30100983796296,0.0,0.0
6080,169.985,15.986688295382454,147.92001157407407,20.309916084462056,25.245292727623458,0.0,0.0
6090,170.272,12.277190335376497,147.87271412037038,19.939146838852672,23.87982060185185,0.0,0.0
6100,170.56,11.236492902967676,147.97674479166668,19.551815685969558,23.505955825617285,0.0,0.0
6110,170.832,10.436515682164973,147.773845003858,17.552195371163805,20.5109977816358,0.0,0.0
6120,171.104,8.344423186213957,148.58317901234568,16.6419686690746,18.671349344135802,0.0,0.0
6130,171.392,8.48312643736328,149.1433878279321,16.341350392743692,18.631936246141976,0.0,0.0
6140,171.664,10.03412470640959,149.29131558641976,17.060402892128987,18.991431327160495,0.0,0.0
6150,171.952,6.385200608349617,149.73285011574075,16.31108324691518,17.355138888888888,0.0,0.0
6160,172.224,7.109904969729461,149.80717110339506,15.613785039474516,17.79551456404321,0.0,0.0
6170,172.512,7.110635829026309,149.8054224537037,15.78376039851324,18.20394386574074,0.0,0.0
6180,172.785,5.717249237063105,149.90739293981483,16.24612235112847,18.365160590277778,0.0,0.0
6190,173.072,7.631349470520485,150.02326822916666,16.02140251979814,18.332007619598766,0.0,0.0
6200,173.344,8.056666978906698,150.1189525462963,16.035196343697425,18.11794319058642,0.0,0.0
6210,173.632,6.21970047310828,150.26882282021606,16.100850702320017,17.784777199074075,0.0,0.0
6220,173.904,6.886088433442295,150.87116657021605,16.21507210906427,18.556585648148147,0.0,0.0
6230,174.192,6.4377314793381375,146.00430314429013,15.764808535996309,18.08087673611111,0.0,0.0
6240,174.464,4.431269770097146,146.2587041859568,15.739501593013781,17.477308063271604,0.0,0.0
6250,174.752,5.664900629608201,146.5148114390432,15.846845767638131,17.94629050925926,0.0,0.0
6260,175.024,5.610989519962265,146.74312403549382,15.797898960788384,17.214986979166667,0.0,0.0
6270,175.312,4.0568290630378385,147.62180266203703,15.382098323497447,16.838442322530863,0.0,0.0
6280,175.584,5.877147915385683,147.89871913580248,16.06413865215379,17.64977092978395,0.0,0.0
6290,175.856,5.522437668453451,148.01813175154322,15.783544010055657,17.589586226851853,0.0,0.0
6300,176.144,4.092224633096708,147.83799768518517,15.425967491068054,16.911293885030865,0.0,0.0
6310,176.416,5.900905174391191,148.1200395447531,15.48102853933749,17.29104504243827,0.0,0.0
6320,176.704,4.968653503535182,148.97526523919754,15.43115078100709,16.459566936728397,0.0,0.0
6330,176.976,3.4853173128523123,149.59123360339507,14.781131652692942,15.781614101080248,0.0,0.0
6340,177.264,5.263850297991287,149.80995466820988,14.86774026787862,16.07703125,0.0,0.0
6350,177.536,5.34477334086705,150.2553303433642,14.874022454387646,16.052927758487655,0.0,0.0
6360,177.824,3.396266387115233,150.4927907986111,14.314127458647816,15.063845486111111,0.0,0.0
6370,178.096,5.441785776056615,150.42463831018517,14.584655119145323,15.411676793981481,0.0,0.0
6380,178.384,5.485909480961715,150.87096402391975,14.154333291686855,14.662284915123458,0.0,0.0
6390,178.656,3.185597028307921,147.7963536844136,13.364468657135667,13.746556712962963,0.0,0.0
6400,178.944,4.89513551255889,148.28840470679012,13.050834688780125,13.862749807098766,0.0,0.0
6410,179.216,4.741464584259651,148.12149305555556,12.656066747215842,13.231671006944444,0.0,0.0
6420,179.504,2.9252434853354767,148.34023533950617,12.507106581039913,12.773980999228396,0.0,0.0
6430,179.776,4.421274096689921,148.65299141589506,12.141312618448,12.494768036265432,0.0,0.0
6440,180.064,4.655382876071083,149.34430121527777,11.875673704846884,11.942486496913581,0.0,0.0
6450,180.336,3.880937493435998,149.92112364969137,11.48016516843334,11.261458333333334,0.0,0.0
6460,180.608,11.890825617283022,149.97887876157407,13.211568674930023,13.417425250771604,0.0,0.0
6470,180.896,12.450240639925056,149.96760368441358,13.255577469987543,13.504038387345679,0.0,0.0
6480,181.168,8.781834004122587,149.98036988811728,13.059883701090994,12.970659239969136,0.0,0.0
6490,181.456,5.965093941996773,150.49412905092592,11.394143150420117,11.179427565586419,0.0,0.0
6500,181.728,5.411512827327191,150.7365523726852,11.591411333475694,11.400496720679012,0.0,0.0
6510,182.016,4.602308542862017,150.76607687114196,11.578672530733042,11.093399402006172,0.0,0.0
6520,182.288,4.918470279813956,150.77151138117284,11.123337098794233,10.822946084104938,0.0,0.0
6530,182.576,4.254666728285802,151.4725959683642,10.696625245853149,10.847478298611112,0.0,0.0
6540,182.848,3.73026861351768,148.02914255401234,10.343879514953707,10.41697482638889,0.0,0.0
6550,183.136,4.322323973632357,147.95979600694446,10.083378752234305,10.534048514660494,0.0,0.0
6560,183.408,5.325494309311017,148.15775366512347,10.626275112678838,11.088049768518518,0.0,0.0
6570,183.696,11.374019986167035,148.20704427083334,11.431555395896579,11.559793113425926,0.0,0.0
6580,183.968,6.389715458589192,148.2173611111111,10.915108671867305,11.318923128858025,0.0,0.0
6590,184.256,5.254767514917656,148.94447241512347,9.649778971704476,9.839417438271605,0.0,0.0
6600,184.528,4.379402002711298,148.96825520833335,9.481354406864686,9.779185956790123,0.0,0.0
6610,184.8,4.580018325483322,149.51349295910495,9.268570741392805,9.57221981095679,0.0,0.0
6620,185.088,4.618448103003899,149.61450327932099,9.128558334733349,9.538558545524692,0.0,0.0
6630,185.36,3.8923085399372455,149.60019145447532,9.02659886864444,9.018615933641975,0.0,0.0
6640,185.648,3.001372966229472,149.81795572916667,8.854312298757014,8.97560619212963,0.0,0.0
6650,185.92,2.7984678804929883,150.20300395447532,8.706765727248525,8.59652199074074,0.0,0.0
6660,186.208,2.424275164027216,150.51529224537038,8.088584082455961,8.212976948302469,0.0,0.0
6670,186.48,2.8105010577731684,150.58918885030863,7.656538613722596,8.127276716820989,0.0,0.0
6680,186.768,2.6782981261953527,150.61536458333333,7.722782643669902,8.28421055169753,0.0,0.0
6690,187.04,2.0928018781292477,150.47998119212963,7.777701419493308,8.331800733024691,0.0,0.0
6700,187.328,2.832876638553236,150.4609939236111,8.134160703292775,8.68666618441358,0.0,0.0
6710,187.6,3.9746339669377484,150.45601128472222,8.306515458318625,8.800841531635802,0.0,0.0
6720,187.888,2.401629531870817,150.45744164737656,8.214766064530096,8.651527777777778,0.0,0.0
6730,188.16,1.908079662256134,150.33311005015432,7.775838968522533,8.017826485339507,0.0,0.0
6740,188.432,1.8769699950146246,150.47417052469135,7.915037496027036,8.550226176697532,0.0,0.0
6750,188.72,1.7129479834767194,150.4581428433642,7.990411010538021,8.50221450617284,0.0,0.0
6760,188.993,1.9437765229966906,150.19006944444445,8.222864391390011,8.711340181327161,0.0,0.0
6770,189.28,1.9310310466462273,150.0649001736111,8.193766477643262,8.890543981481482,0.0,0.0
6780,189.552,1.7096127043024183,149.6747940779321,8.33324500422144,9.57479118441358,0.0,0.0
6790,189.84,1.8097921428913566,150.32113474151234,8.08693170462272,9.29455680941358,0.0,0.0
6800,190.112,1.8327387093982255,151.2378862847222,7.462467824379073,9.0237109375,0.0,0.0
6810,190.4,1.5041584585905265,147.31493875385803,7.035328345412812,8.708364197530864,0.0,0.0
6820,190.672,1.4593672703305027,148.02871913580248,6.808120396720284,8.293531057098765,0.0,0.0
6830,190.96,1.137027388737032,148.56417100694443,6.864837504601529,8.131302083333333,0.0,0.0
6840,191.232,0.9217129557589355,149.5767042824074,7.003401120564888,7.756232156635803,0.0,0.0
6850,191.52,0.8273066137492048,151.1039236111111,6.558979540640077,5.600299479166667,0.0,0.0
6860,191.792,0.6914646004352238,147.8959944058642,5.027834442280398,4.418783757716049,0.0,0.0
6870,192.08,0.6273890812087033,148.1554152199074,4.885663466703791,4.424633969907408,0.0,0.0
6880,192.352,0.7736029126390999,148.15751929012345,4.894500269617768,4.438298611111111,0.0,0.0
6890,192.624,0.5783526203273543,148.26423562885802,4.315621146358033,4.226845100308642,0.0,0.0
6900,192.912,0.44010464890091505,148.98914689429012,4.110858590150449,3.242223186728395,0.0,0.0
6910,193.184,0.36881317417172094,149.3737996720679,3.345003930279881,2.7914573688271607,0.0,0.0
6920,193.472,0.3699782974387356,149.46550925925925,3.2319375225405613,2.851407214506173,0.0,0.0
6930,193.744,0.3458545505006799,149.74976466049384,3.2471654814239326,2.7443113425925927,0.0,0.0
6940,194.032,0.33744405572464176,149.75806423611112,3.247213322586933,2.747950424382716,0.0,0.0
6950,194.304,0.35098427694722145,149.7367013888889,3.249333478476767,2.7515895061728397,0.0,0.0
6960,194.592,0.3545375188601053,149.7341440007716,3.2540896166989013,2.762228009259259,0.0,0.0
6970,194.864,0.3672988987026555,149.73475790895063,3.255195815418175,2.7764149305555557,0.0,0.0
6980,195.152,0.3739713537757198,149.73655815972222,3.2504338382376274,2.7754398148148147,0.0,0.0
6990,195.424,0.36095485887752765,149.73244068287036,3.257760510450842,2.7704673032407405,0.0,0.0
7000,195.696,0.37192177823099665,149.74078944830248,3.2562906228711435,2.7559645061728397,0.0,0.0
7010,195.984,0.36897858682337953,149.73554398148147,3.256358383245544,2.7534910300925928,0.0,0.0
7020,196.256,0.3571088923931775,149.73823398919754,3.2486062073074446,2.770828510802469,0.0,0.0
7030,196.544,0.37276282640621966,149.7344381751543,3.2528630503662033,2.768854648919753,0.0,0.0
