sample_index,frame_index,dx_px,dy_px,displacement_px,response
0,10,0.0,-0.01,0.01,0.9982
1,20,-0.02,0.02,0.02,0.9986
2,30,0.01,0.02,0.02,0.998
3,40,-0.0,-0.01,0.01,0.9993
4,50,0.01,0.0,0.01,0.999
5,60,-0.01,0.04,0.04,0.9993
6,70,0.0,-0.01,0.01,0.9987
7,80,-0.0,-0.06,0.06,0.9987
8,90,-0.0,0.03,0.03,0.9985
9,100,-0.01,-0.03,0.03,0.9983
10,110,-0.0,0.04,0.04,0.9983
11,120,-0.0,-0.04,0.04,0.9975
12,130,0.24,2.33,2.34,0.9566
13,140,-0.4,-1.59,1.64,0.9355
14,150,-0.19,-1.34,1.35,0.9989
15,160,0.03,0.16,0.16,0.9984
16,170,-0.04,-0.01,0.04,0.9982
17,180,-0.08,-0.05,0.09,0.9982
18,190,-0.08,0.46,0.46,0.9981
19,200,-3.62,0.19,3.63,0.9668
20,210,-19.88,0.36,19.88,0.9268
21,220,-511.77,14.64,511.98,0.2422
22,230,-351.55,7.25,351.62,0.4259
23,240,-73.89,1.89,73.92,0.869
24,250,-62.23,1.29,62.25,0.9155
25,260,-56.18,0.99,56.19,0.8974
26,270,-78.36,1.92,78.38,0.8806
27,280,-86.64,2.43,86.67,0.8288
28,290,-106.79,3.01,106.84,0.8223
29,300,-80.82,2.22,80.85,0.8728
30,310,-109.28,2.97,109.32,0.8184
31,320,-58.32,1.26,58.34,0.872
32,330,-53.11,1.23,53.12,0.898
33,340,-44.96,0.94,44.97,0.8967
34,350,-43.25,0.87,43.26,0.8905
35,360,-66.26,1.24,66.27,0.8451
36,370,-47.72,1.2,47.74,0.9
37,380,-55.62,1.33,55.63,0.8946
38,390,-82.95,1.93,82.98,0.8533
39,400,-66.86,1.86,66.88,0.8751
40,410,-74.03,1.72,74.05,0.8859
41,420,-62.07,1.54,62.09,0.9095
42,430,-68.22,1.65,68.24,0.8654
43,440,-147.84,3.9,147.9,0.8183
44,450,-159.07,3.79,159.11,0.8251
45,460,-115.23,3.17,115.27,0.837
46,470,-147.13,3.65,147.17,0.7855
47,480,-142.19,3.46,142.23,0.8137
48,490,-153.8,4.0,153.85,0.7425
49,500,-126.37,3.37,126.42,0.8178
50,510,-110.94,2.52,110.97,0.8604
51,520,-104.6,3.22,104.65,0.8582
52,530,-190.11,4.79,190.17,0.7381
53,540,-241.13,5.42,241.19,0.8136
54,550,-86.79,1.8,86.81,0.851
55,560,-54.34,1.16,54.35,0.9088
56,570,-144.25,3.74,144.3,0.8009
57,580,-146.88,3.51,146.92,0.7727
58,590,-147.23,3.44,147.27,0.7886
59,600,-91.34,2.59,91.38,0.8615
60,610,-162.54,4.42,162.6,0.76
61,620,-139.12,3.6,139.17,0.7975
62,630,-231.8,5.2,231.86,0.8095
63,640,-157.88,3.89,157.93,0.7811
64,650,-169.9,4.56,169.97,0.7318
65,660,-206.38,4.87,206.44,0.7558
66,670,-126.2,3.17,126.24,0.8098
67,680,-258.74,5.34,258.8,0.6859
68,690,-353.55,7.52,353.63,0.5704
69,700,-246.84,5.6,246.9,0.7862
70,710,-218.63,4.88,218.68,0.7934
71,720,-232.48,5.37,232.55,0.8012
72,730,-205.15,5.34,205.22,0.6685
73,740,-333.87,7.02,333.95,0.6797
74,750,-302.65,6.5,302.72,0.7003
75,760,-229.4,5.04,229.45,0.7423
76,770,-199.35,4.88,199.41,0.758
77,780,-198.47,5.15,198.54,0.7696
78,790,-182.85,4.65,182.91,0.7527
79,800,-221.94,5.57,222.01,0.7035
80,810,-202.25,5.37,202.32,0.7083
81,820,-221.59,5.23,221.65,0.7865
82,830,-394.29,10.37,394.42,0.4749
83,840,-254.58,5.65,254.64,0.7837
84,850,-349.5,6.58,349.56,0.6544
85,860,-317.72,6.63,317.79,0.6528
86,870,-333.58,7.69,333.67,0.6126
87,880,-218.55,4.95,218.6,0.646
88,890,-11.49,-0.29,11.49,0.8702
89,900,-0.85,-0.04,0.85,0.996
90,910,-0.03,-0.03,0.04,0.9957
91,920,0.25,0.64,0.68,0.9958
92,930,-267.71,5.25,267.76,0.6044
93,940,-337.04,6.68,337.11,0.6367
94,950,-394.81,8.49,394.9,0.6181
95,960,-245.25,5.38,245.31,0.7313
96,970,-183.05,4.69,183.11,0.7618
97,980,-282.33,6.25,282.4,0.7283
98,990,-170.15,4.18,170.2,0.7916
99,1000,-126.17,3.35,126.21,0.8436
100,1010,-134.7,3.25,134.74,0.8213
101,1020,-92.52,2.47,92.55,0.8348
102,1030,-223.5,4.94,223.55,0.8392
103,1040,-164.15,4.63,164.22,0.7717
104,1050,-191.66,4.72,191.71,0.7795
105,1060,-144.2,3.47,144.24,0.8178
106,1070,-178.93,4.15,178.98,0.766
107,1080,-221.05,5.07,221.11,0.7253
108,1090,-158.17,4.16,158.22,0.7969
109,1100,-164.93,4.46,164.99,0.778
110,1110,-138.22,3.63,138.27,0.8167
111,1120,-117.63,3.05,117.67,0.8323
112,1130,-97.69,2.7,97.73,0.8271
113,1140,-139.5,3.67,139.55,0.8128
114,1150,-130.22,3.43,130.27,0.8095
115,1160,-91.67,1.75,91.69,0.8644
116,1170,-109.46,2.56,109.49,0.8118
117,1180,-97.83,2.66,97.86,0.8376
118,1190,-139.58,3.4,139.62,0.8345
119,1200,-96.88,3.18,96.94,0.8746
120,1210,-36.76,0.62,36.77,0.9222
121,1220,-77.96,1.79,77.98,0.8812
122,1230,-104.42,2.64,104.45,0.8394
123,1240,-146.53,3.74,146.58,0.797
124,1250,-151.03,3.84,151.08,0.7971
125,1260,-71.9,1.69,71.92,0.8973
126,1270,-191.08,4.67,191.14,0.7521
127,1280,-119.32,3.42,119.37,0.8352
128,1290,-145.48,3.75,145.53,0.7418
129,1300,-137.94,3.5,137.98,0.7671
130,1310,-98.79,2.58,98.82,0.8309
131,1320,-137.67,3.82,137.73,0.8292
132,1330,-137.87,3.56,137.92,0.8017
133,1340,-197.06,4.5,197.11,0.7685
134,1350,-140.14,3.24,140.18,0.813
135,1360,-198.65,4.87,198.71,0.7686
136,1370,-213.2,5.16,213.26,0.716
137,1380,-107.06,2.76,107.1,0.8701
138,1390,-116.1,3.15,116.14,0.8382
139,1400,-137.78,3.74,137.83,0.7875
140,1410,-106.57,2.97,106.61,0.8342
141,1420,-118.17,3.46,118.22,0.8416
142,1430,-113.81,2.91,113.85,0.8307
143,1440,-136.37,3.39,136.41,0.8375
144,1450,-152.21,3.65,152.25,0.7991
145,1460,-126.39,3.03,126.43,0.8201
146,1470,-142.2,3.45,142.25,0.8036
147,1480,-170.11,4.71,170.17,0.7849
148,1490,-153.32,3.94,153.37,0.7573
149,1500,-159.08,3.8,159.12,0.778
150,1510,-105.74,2.68,105.77,0.8422
151,1520,-131.73,3.62,131.78,0.8274
152,1530,-126.28,3.4,126.33,0.8498
153,1540,-115.54,3.19,115.58,0.8072
154,1550,-190.84,4.48,190.89,0.7313
155,1560,-128.67,3.36,128.72,0.8072
156,1570,-229.86,4.84,229.91,0.7976
157,1580,-161.18,4.21,161.23,0.741
158,1590,-149.39,3.55,149.43,0.8075
159,1600,-245.9,5.54,245.96,0.7426
160,1610,-239.96,4.94,240.01,0.82
161,1620,-137.23,3.39,137.27,0.7913
162,1630,-246.47,5.13,246.52,0.7858
163,1640,-201.72,4.83,201.78,0.7239
164,1650,-238.5,5.08,238.55,0.7837
165,1660,-273.59,5.99,273.66,0.6935
166,1670,-226.21,5.53,226.28,0.7048
167,1680,-173.01,4.73,173.08,0.7528
168,1690,-269.87,5.67,269.93,0.7017
169,1700,-377.1,7.62,377.18,0.5893
170,1710,-284.22,6.46,284.29,0.7042
171,1720,-290.91,6.2,290.98,0.7562
172,1730,-249.28,5.5,249.35,0.7197
173,1740,-397.64,10.72,397.79,0.5202
174,1750,-476.57,13.21,476.75,0.435
175,1760,-245.2,5.18,245.25,0.7544
176,1770,-321.45,6.86,321.52,0.6533
177,1780,-293.15,6.2,293.21,0.666
178,1790,-236.92,4.98,236.97,0.7252
179,1800,-317.62,6.66,317.69,0.6972
180,1810,-327.11,7.03,327.18,0.6959
181,1820,-242.04,5.32,242.1,0.7286
182,1830,-254.88,5.62,254.94,0.7812
183,1840,-273.52,6.08,273.59,0.7088
184,1850,-287.16,6.84,287.24,0.7367
185,1860,-237.69,5.5,237.75,0.6744
186,1870,-376.21,10.2,376.34,0.5687
187,1880,-369.18,7.57,369.25,0.5544
188,1890,-267.01,5.89,267.08,0.7185
189,1900,-247.35,5.59,247.42,0.781
190,1910,-218.74,5.62,218.81,0.7256
191,1920,-201.54,4.93,201.6,0.7032
192,1930,-246.28,5.13,246.34,0.7942
193,1940,-302.94,6.53,303.01,0.7079
194,1950,-350.68,7.49,350.76,0.6724
195,1960,-434.5,11.93,434.67,0.4808
196,1970,-490.35,14.27,490.55,0.3909
197,1980,-344.59,7.19,344.67,0.7118
198,1990,-457.2,12.28,457.37,0.4061
199,2000,-413.36,11.29,413.52,0.4756
200,2010,-356.54,8.01,356.63,0.6057
201,2020,-316.89,7.04,316.96,0.6498
202,2030,-369.41,7.92,369.49,0.6138
203,2040,-492.34,12.94,492.51,0.4496
204,2050,-522.17,14.49,522.37,0.3956
205,2060,-464.0,12.48,464.17,0.4837
206,2070,-420.74,11.35,420.89,0.4451
207,2080,-476.12,12.98,476.29,0.3666
208,2090,-542.4,15.78,542.63,0.3896
209,2100,-509.67,13.0,509.84,0.4278
210,2110,-410.12,11.57,410.28,0.4646
211,2120,-335.4,8.03,335.5,0.7051
212,2130,-297.42,6.67,297.49,0.6921
213,2140,-204.61,4.4,204.66,0.7178
214,2150,-4.84,-0.16,4.84,0.9681
215,2160,-0.1,-0.19,0.22,0.9973
216,2170,0.2,0.62,0.65,0.9972
217,2180,-23.55,0.54,23.56,0.9395
218,2190,-271.24,5.42,271.29,0.7537
219,2200,-384.7,11.45,384.87,0.4948
220,2210,-597.13,15.44,597.33,0.3712
221,2220,-448.22,12.07,448.38,0.3857
222,2230,-453.52,13.24,453.72,0.4038
223,2240,-359.19,7.95,359.28,0.6995
224,2250,-504.55,13.41,504.73,0.3764
225,2260,-404.73,11.12,404.88,0.45
226,2270,-472.97,13.32,473.15,0.4142
227,2280,-333.41,7.03,333.49,0.6499
228,2290,-366.59,8.13,366.68,0.6788
229,2300,-319.36,6.62,319.42,0.7162
230,2310,-373.42,7.79,373.51,0.5595
231,2320,-481.58,13.62,481.77,0.3894
232,2330,-343.54,7.23,343.62,0.6687
233,2340,-373.41,7.53,373.49,0.6694
234,2350,-401.37,11.2,401.52,0.4365
235,2360,-431.81,11.57,431.97,0.3736
236,2370,-326.42,6.54,326.49,0.7008
237,2380,-282.39,6.0,282.45,0.7137
238,2390,-379.69,11.38,379.86,0.4443
239,2400,-381.88,8.3,381.97,0.6011
240,2410,-239.0,5.22,239.06,0.7704
241,2420,-223.73,5.06,223.79,0.8174
242,2430,-353.52,7.45,353.6,0.5964
243,2440,-346.15,7.25,346.23,0.6365
244,2450,-376.68,10.64,376.83,0.4291
245,2460,-200.75,4.74,200.81,0.6674
246,2470,-166.31,4.26,166.37,0.8043
247,2480,-210.07,4.74,210.13,0.7702
248,2490,-330.26,7.25,330.34,0.675
249,2500,-410.12,10.6,410.25,0.4551
250,2510,-255.13,5.6,255.19,0.7792
251,2520,-493.33,12.84,493.5,0.3695
252,2530,-528.15,14.84,528.36,0.3639
253,2540,-255.48,5.66,255.54,0.8066
254,2550,-388.09,10.89,388.24,0.4661
255,2560,-482.39,13.12,482.57,0.4605
256,2570,-604.59,15.06,604.77,0.4151
257,2580,-357.53,7.95,357.62,0.5669
258,2590,-322.04,7.01,322.12,0.6792
259,2600,-370.15,7.99,370.24,0.6389
260,2610,-422.72,12.14,422.89,0.4898
261,2620,-395.36,11.08,395.52,0.4376
262,2630,-389.59,7.8,389.67,0.6116
263,2640,-401.5,10.82,401.65,0.4751
264,2650,-468.03,12.93,468.21,0.4816
265,2660,-589.4,14.83,589.58,0.4762
266,2670,-279.42,6.03,279.49,0.7529
267,2680,-380.2,10.91,380.36,0.4518
268,2690,-460.85,12.93,461.04,0.4358
269,2700,-337.94,7.16,338.02,0.6368
270,2710,-469.34,12.96,469.52,0.3925
271,2720,-511.71,14.9,511.92,0.3499
272,2730,-491.71,13.49,491.9,0.4315
273,2740,-427.63,11.23,427.78,0.4308
274,2750,-237.31,5.04,237.37,0.7764
275,2760,-290.25,5.75,290.31,0.7204
276,2770,-282.28,6.15,282.34,0.7199
277,2780,-98.01,1.76,98.03,0.713
278,2790,-0.48,-0.64,0.8,1.0054
279,2800,0.06,-0.49,0.49,0.9996
280,2810,-3.28,0.95,3.41,0.971
281,2820,-109.67,2.64,109.7,0.8349
282,2830,-135.4,3.81,135.45,0.8065
283,2840,-166.54,4.57,166.6,0.7767
284,2850,-360.52,7.76,360.6,0.5817
285,2860,-304.66,6.56,304.74,0.6438
286,2870,-365.79,7.71,365.87,0.6321
287,2880,-516.27,14.47,516.48,0.368
288,2890,-456.87,12.33,457.03,0.4476
289,2900,-505.47,13.9,505.66,0.4357
290,2910,-465.0,12.73,465.17,0.409
291,2920,-364.74,7.35,364.81,0.6272
292,2930,-342.25,7.13,342.32,0.7258
293,2940,-577.92,15.1,578.12,0.4602
294,2950,-527.47,14.76,527.68,0.46
295,2960,-552.53,14.53,552.72,0.4777
296,2970,-349.21,6.85,349.27,0.6624
297,2980,-365.19,7.82,365.27,0.6902
298,2990,-532.46,15.57,532.68,0.3954
299,3000,-297.66,5.74,297.72,0.7002
300,3010,-435.93,12.68,436.11,0.5042
301,3020,-423.92,12.07,424.1,0.3758
302,3030,-374.36,8.45,374.46,0.7287
303,3040,-401.77,11.83,401.94,0.448
304,3050,-367.45,7.9,367.53,0.7793
305,3060,-390.28,10.95,390.44,0.5376
306,3070,-113.41,2.17,113.43,0.7681
307,3080,0.42,-0.49,0.65,1.0183
308,3090,0.1,-0.24,0.26,1.0015
309,3100,0.1,0.25,0.26,1.0055
310,3110,0.04,-0.02,0.04,1.004
311,3120,0.06,-0.48,0.48,1.0048
312,3130,0.27,-0.06,0.28,1.0142
313,3140,1.49,0.91,1.74,0.1737
314,3150,0.23,-0.03,0.23,1.0703
315,3160,-0.39,-2.6,2.63,0.1167
316,3170,-0.31,0.24,0.39,1.066
317,3180,-0.05,0.1,0.11,0.9982
318,3190,-0.0,0.1,0.1,0.9979
319,3200,0.04,-0.22,0.22,0.9979
320,3210,0.01,-0.14,0.14,0.9986
321,3220,0.05,0.19,0.2,0.9975
322,3230,0.05,-0.16,0.17,0.9988
323,3240,0.41,0.22,0.46,0.9971
324,3250,-22.64,0.86,22.65,0.9366
325,3260,-161.16,4.91,161.24,0.7326
326,3270,-161.15,3.29,161.18,0.7544
327,3280,-72.53,2.74,72.58,0.8738
328,3290,-239.05,7.33,239.17,0.6729
329,3300,-260.83,4.58,260.87,0.617
330,3310,-195.96,4.36,196.0,0.7415
331,3320,-538.95,14.59,539.15,0.487
332,3330,-442.06,11.91,442.22,0.4704
333,3340,-536.03,14.09,536.21,0.3599
334,3350,-682.51,17.8,682.74,0.4337
335,3360,-361.95,8.33,362.05,0.6143
336,3370,-796.2,20.85,796.47,0.2851
337,3380,-735.57,18.98,735.81,0.2203
338,3390,-580.39,14.45,580.57,0.4215
339,3400,-580.36,15.46,580.57,0.3906
340,3410,-568.91,14.82,569.1,0.4158
341,3420,-403.88,10.57,404.02,0.4345
342,3430,-646.11,16.73,646.33,0.4185
343,3440,-732.4,19.13,732.65,0.2765
344,3450,-819.52,20.93,819.78,0.3134
345,3460,-348.26,6.95,348.33,0.4701
346,3470,-273.76,5.87,273.82,0.7295
347,3480,-350.74,7.43,350.82,0.6659
348,3490,-206.18,5.31,206.25,0.7419
349,3500,-255.45,5.85,255.51,0.8145
350,3510,-311.34,6.76,311.41,0.7085
351,3520,-246.68,5.96,246.75,0.7406
352,3530,-322.79,7.49,322.87,0.7154
353,3540,-182.04,4.85,182.11,0.748
354,3550,-193.77,5.04,193.84,0.6822
355,3560,-145.6,3.75,145.65,0.7731
356,3570,-169.25,4.73,169.32,0.7475
357,3580,-200.35,5.12,200.42,0.759
358,3590,-272.4,6.41,272.47,0.6451
359,3600,-221.14,5.58,221.21,0.6604
360,3610,-265.16,5.94,265.23,0.7156
361,3620,-211.39,5.49,211.47,0.721
362,3630,-285.7,6.57,285.78,0.6773
363,3640,-261.65,5.81,261.72,0.7371
364,3650,-472.96,13.63,473.16,0.2267
365,3660,-475.93,12.27,476.08,0.2426
366,3670,-183.37,5.26,183.44,0.7343
367,3680,-365.03,7.36,365.11,0.6138
368,3690,-304.65,6.8,304.73,0.6411
369,3700,-440.39,13.35,440.59,0.3969
370,3710,-329.95,7.3,330.04,0.6324
371,3720,-200.65,5.75,200.73,0.6808
372,3730,-260.83,6.11,260.9,0.7204
373,3740,-214.97,5.72,215.05,0.7317
374,3750,-225.95,5.28,226.01,0.7918
375,3760,-206.33,5.78,206.41,0.7387
376,3770,-195.53,5.41,195.61,0.7196
377,3780,-239.08,5.12,239.13,0.816
378,3790,-162.04,4.57,162.1,0.7097
379,3800,-173.09,5.04,173.16,0.7127
380,3810,-117.92,3.45,117.97,0.7955
381,3820,-101.15,2.98,101.19,0.8335
382,3830,-114.15,3.15,114.2,0.7879
383,3840,-94.53,2.88,94.57,0.8495
384,3850,-97.74,2.57,97.78,0.948
385,3860,-179.36,4.81,179.43,0.7683
386,3870,-101.42,3.19,101.47,0.8592
387,3880,-124.34,3.21,124.38,0.8355
388,3890,-160.29,4.24,160.35,0.8504
389,3900,-171.32,4.32,171.37,0.8031
390,3910,-324.95,7.45,325.03,0.6597
391,3920,-255.84,5.56,255.9,0.7621
392,3930,-235.09,4.4,235.13,0.85
393,3940,-260.45,5.35,260.5,0.7906
394,3950,-112.4,2.56,112.43,0.8965
395,3960,-4.59,-1.46,4.82,0.9946
396,3970,-0.09,-0.24,0.26,1.0013
397,3980,0.13,0.58,0.59,1.0011
398,3990,-4.93,0.12,4.93,0.9709
399,4000,-2.76,-0.75,2.86,1.0426
400,4010,0.05,0.18,0.18,0.9979
401,4020,-0.05,-0.1,0.11,0.9964
402,4030,-0.02,0.08,0.08,0.9952
403,4040,0.1,0.02,0.11,0.998
404,4050,1.49,-1.27,1.96,0.7076
405,4060,0.06,-0.19,0.2,1.0198
406,4070,-1.61,1.12,1.96,0.6394
407,4080,-0.03,-0.01,0.03,1.0075
408,4090,-0.02,-0.03,0.03,0.9997
409,4100,0.18,-0.16,0.24,1.0286
410,4110,-0.03,0.07,0.07,0.9998
411,4120,-0.04,0.12,0.13,1.0001
412,4130,-0.15,0.15,0.21,1.0431
413,4140,-0.11,-0.07,0.13,1.0042
414,4150,0.02,0.05,0.05,0.9987
415,4160,-0.02,0.0,0.02,0.9992
416,4170,-0.02,-0.22,0.22,0.9991
417,4180,0.05,0.07,0.09,0.9979
418,4190,0.05,0.03,0.06,0.9994
419,4200,0.23,-0.12,0.25,0.9973
420,4210,0.49,-0.8,0.94,0.9979
421,4220,-10.97,1.73,11.11,0.8845
422,4230,-307.25,7.75,307.35,0.4477
423,4240,-422.56,11.3,422.71,0.541
424,4250,-432.44,12.04,432.61,0.5172
425,4260,-365.18,7.94,365.27,0.5656
426,4270,-469.21,12.68,469.38,0.4396
427,4280,-281.83,6.73,281.91,0.6507
428,4290,-257.34,6.27,257.41,0.667
429,4300,-238.87,5.75,238.94,0.7739
430,4310,-219.33,5.89,219.41,0.7353
431,4320,-198.29,5.31,198.36,0.7333
432,4330,-255.07,5.42,255.13,0.7513
433,4340,-379.9,11.24,380.06,0.4808
434,4350,-237.85,5.27,237.9,0.7732
435,4360,-165.18,3.92,165.23,0.7517
436,4370,-273.45,6.46,273.52,0.7321
437,4380,-441.8,12.19,441.97,0.4542
438,4390,-221.84,5.67,221.91,0.7119
439,4400,-396.49,10.8,396.64,0.5027
440,4410,-349.05,7.56,349.13,0.6465
441,4420,-440.35,11.85,440.5,0.4307
442,4430,-229.97,5.55,230.03,0.6747
443,4440,-307.11,7.08,307.19,0.6606
444,4450,-329.19,7.52,329.28,0.6043
445,4460,-396.25,10.58,396.39,0.455
446,4470,-289.99,6.77,290.07,0.6984
447,4480,-286.57,6.66,286.65,0.7471
448,4490,-255.09,5.94,255.16,0.7501
449,4500,-365.49,8.3,365.59,0.6127
450,4510,-247.19,6.2,247.26,0.7698
451,4520,-349.42,8.28,349.51,0.5897
452,4530,-243.34,5.71,243.41,0.7531
453,4540,-469.09,12.22,469.25,0.443
454,4550,-304.65,7.28,304.74,0.6804
455,4560,-488.28,12.55,488.44,0.3171
456,4570,-553.46,14.85,553.66,0.2568
457,4580,-261.18,6.19,261.25,0.7028
458,4590,-298.16,6.83,298.24,0.6643
459,4600,-266.53,6.4,266.61,0.721
460,4610,-450.03,11.92,450.18,0.4604
461,4620,-238.99,5.3,239.05,0.7872
462,4630,-253.85,6.09,253.92,0.754
463,4640,-294.55,6.47,294.62,0.7392
464,4650,-307.76,7.41,307.85,0.6794
465,4660,-393.06,10.48,393.2,0.4476
466,4670,-264.86,5.57,264.92,0.6789
467,4680,-408.54,11.29,408.69,0.4544
468,4690,-262.87,6.43,262.95,0.7118
469,4700,-197.42,5.5,197.49,0.7233
470,4710,-162.22,4.37,162.28,0.7278
471,4720,-166.33,4.45,166.38,0.7617
472,4730,-210.14,5.45,210.21,0.7131
473,4740,-180.12,4.8,180.18,0.6775
474,4750,-120.89,3.3,120.94,0.8153
475,4760,-202.24,5.81,202.32,0.6949
476,4770,-85.75,1.24,85.76,0.8868
477,4780,-7.84,-1.38,7.96,1.0481
478,4790,-0.2,-0.0,0.2,0.996
479,4800,0.05,0.06,0.07,0.9975
480,4810,-3.6,0.61,3.65,0.9609
481,4820,-290.24,6.93,290.32,0.6176
482,4830,-354.15,8.59,354.26,0.6274
483,4840,-324.16,7.56,324.24,0.5786
484,4850,-200.95,5.03,201.01,0.7009
485,4860,-204.43,5.35,204.5,0.6947
486,4870,-184.7,4.88,184.77,0.6931
487,4880,-222.01,5.49,222.07,0.7168
488,4890,-195.24,5.18,195.31,0.5938
489,4900,-212.2,5.27,212.27,0.7145
490,4910,-205.74,5.32,205.81,0.7149
491,4920,-185.75,5.22,185.82,0.6939
492,4930,-213.91,5.02,213.97,0.7173
493,4940,-167.12,4.53,167.18,0.752
494,4950,-161.75,4.22,161.81,0.7456
495,4960,-148.97,4.07,149.02,0.7351
496,4970,-173.56,4.68,173.62,0.7194
497,4980,-158.5,4.04,158.55,0.7787
498,4990,-113.37,3.57,113.42,0.7972
499,5000,-130.41,3.27,130.45,0.7819
500,5010,-171.87,4.46,171.92,0.7535
501,5020,-171.57,4.23,171.62,0.768
502,5030,-210.9,5.52,210.97,0.7189
503,5040,-233.93,5.99,234.01,0.6638
504,5050,-172.13,4.65,172.2,0.6929
505,5060,-91.37,2.98,91.41,0.8269
506,5070,-21.94,-0.18,21.94,0.9039
507,5080,-1.47,-0.59,1.58,0.9921
508,5090,0.07,0.0,0.07,0.992
509,5100,-5.81,0.72,5.85,1.0436
510,5110,-306.59,6.81,306.67,0.6384
511,5120,-316.94,7.73,317.03,0.598
512,5130,-337.14,7.77,337.23,0.6387
513,5140,-205.26,5.94,205.35,0.6831
514,5150,-152.7,4.37,152.76,0.7019
515,5160,-146.83,3.85,146.88,0.6327
516,5170,-94.79,2.98,94.84,0.7943
517,5180,-165.46,4.5,165.53,0.7178
518,5190,-86.75,2.58,86.79,0.8399
519,5200,-129.74,3.75,129.79,0.8066
520,5210,-131.86,3.5,131.91,0.7429
521,5220,-119.89,3.69,119.95,0.8099
522,5230,-214.57,6.0,214.66,0.7152
523,5240,-158.52,4.01,158.58,0.7718
524,5250,-245.95,6.13,246.03,0.802
525,5260,-186.8,5.22,186.87,0.7137
526,5270,-176.89,5.2,176.96,0.6692
527,5280,-120.74,3.51,120.79,0.7592
528,5290,-145.75,4.04,145.8,0.7109
529,5300,-155.47,4.41,155.53,0.6554
530,5310,-177.71,4.53,177.76,0.7345
531,5320,-13.13,-0.38,13.14,0.8853
532,5330,-0.13,-0.14,0.19,0.9894
533,5340,0.0,-0.11,0.11,0.9885
534,5350,-0.01,-0.04,0.04,0.9912
535,5360,0.04,-0.01,0.04,0.9907
536,5370,-0.03,-0.12,0.12,0.9877
537,5380,0.11,-0.0,0.11,0.9893
538,5390,0.9,-0.28,0.94,0.8655
539,5400,0.32,-0.4,0.51,1.0675
540,5410,-1.04,0.27,1.07,0.8671
541,5420,0.01,0.07,0.08,0.9894
542,5430,0.04,-0.0,0.04,0.9914
543,5440,0.11,-0.01,0.11,0.9789
544,5450,-0.0,0.02,0.02,0.987
545,5460,-0.15,0.11,0.19,0.977
546,5470,-0.11,-0.07,0.12,0.991
547,5480,-0.01,-0.02,0.02,0.9937
548,5490,0.08,0.01,0.08,0.9924
549,5500,0.03,-0.01,0.03,0.9904
550,5510,0.15,0.0,0.15,0.9906
551,5520,0.11,-0.12,0.16,0.9666
552,5530,-0.15,0.27,0.31,0.9679
553,5540,-0.03,-0.18,0.18,0.9878
554,5550,-0.03,0.12,0.12,0.9887
555,5560,-0.17,0.05,0.18,0.9919
556,5570,-0.21,-0.17,0.28,0.9899
557,5580,0.17,0.08,0.18,0.9927
558,5590,0.21,-0.13,0.25,0.9903
559,5600,0.1,0.02,0.1,0.9905
560,5610,0.07,-0.1,0.12,0.986
561,5620,0.05,0.02,0.05,0.9865
562,5630,-0.05,0.02,0.06,0.9874
563,5640,-0.04,0.09,0.1,0.9857
564,5650,-0.04,-0.08,0.09,0.9885
565,5660,-0.03,0.02,0.03,0.9909
566,5670,-0.0,0.09,0.09,0.9924
567,5680,0.02,-0.18,0.18,0.9909
568,5690,-0.01,0.02,0.02,0.9912
569,5700,-0.04,0.14,0.15,0.989
570,5710,0.14,-0.06,0.15,0.9904
571,5720,-0.12,-0.01,0.12,0.9891
572,5730,-132.42,3.71,132.47,0.6846
573,5740,-405.14,11.05,405.29,0.5267
574,5750,-317.64,8.01,317.74,0.6403
575,5760,-314.17,8.01,314.28,0.6187
576,5770,-180.14,4.74,180.2,0.6464
577,5780,-202.12,5.03,202.18,0.7152
578,5790,-183.46,5.0,183.52,0.7407
579,5800,-41.44,1.21,41.46,0.8499
580,5810,-12.65,-0.59,12.67,0.9246
581,5820,0.05,0.02,0.05,0.9916
582,5830,-0.02,-0.02,0.03,0.9915
583,5840,0.08,0.03,0.08,0.9927
584,5850,0.06,-0.13,0.15,0.9885
585,5860,0.02,-0.11,0.11,0.986
586,5870,0.59,-0.59,0.83,1.3721
587,5880,-0.98,0.9,1.33,0.866
588,5890,-0.03,0.07,0.08,0.9945
589,5900,0.05,-0.05,0.07,0.9933
590,5910,0.03,0.02,0.04,0.9918
591,5920,0.05,0.0,0.05,0.9907
592,5930,0.03,-0.17,0.17,0.9863
593,5940,0.03,0.13,0.13,0.9841
594,5950,0.03,-0.08,0.08,0.9838
595,5960,0.05,0.01,0.05,0.9689
596,5970,0.38,-0.3,0.48,1.264
597,5980,0.27,-0.73,0.78,1.1069
598,5990,-0.53,0.61,0.81,1.0898
599,6000,-0.01,0.08,0.08,1.0405
600,6010,-0.18,0.4,0.44,1.108
601,6020,-0.06,-0.05,0.08,1.0977
602,6030,-0.04,-0.07,0.08,0.9648
603,6040,-0.02,0.07,0.07,0.9891
604,6050,0.04,0.03,0.05,0.9913
605,6060,-0.02,-0.24,0.24,0.9923
606,6070,0.09,0.06,0.11,0.9919
607,6080,-0.1,0.6,0.61,0.9881
608,6090,0.74,-0.81,1.09,0.9908
609,6100,-1.24,0.14,1.25,0.991
610,6110,-164.95,4.15,165.01,0.6652
611,6120,-395.43,10.99,395.59,0.4141
612,6130,-249.0,5.87,249.07,0.6754
613,6140,-277.57,7.66,277.67,0.6694
614,6150,-375.54,8.57,375.64,0.6056
615,6160,-211.64,5.36,211.71,0.5548
616,6170,-157.46,4.26,157.52,0.7117
617,6180,-82.89,2.67,82.93,0.8187
618,6190,-109.02,2.82,109.05,0.8549
619,6200,-222.82,6.09,222.9,0.696
620,6210,-127.58,3.21,127.62,0.78
621,6220,-229.09,5.12,229.15,0.7241
622,6230,-240.05,5.63,240.11,0.7531
623,6240,-263.97,6.26,264.04,0.6148
624,6250,-148.67,4.06,148.73,0.6999
625,6260,-248.68,5.61,248.74,0.764
626,6270,-202.4,5.92,202.49,0.646
627,6280,-188.31,4.97,188.37,0.7227
628,6290,-206.84,6.3,206.93,0.7199
629,6300,-256.31,5.21,256.36,0.6606
630,6310,-143.23,4.26,143.29,0.6684
631,6320,-283.81,5.7,283.87,0.7105
632,6330,-209.85,6.55,209.95,0.6177
633,6340,-162.74,3.75,162.79,0.7342
634,6350,-220.44,4.75,220.49,0.6994
635,6360,-258.01,5.52,258.07,0.7201
636,6370,-131.03,3.78,131.09,0.8175
637,6380,-225.29,6.23,225.38,0.7287
638,6390,-243.06,5.28,243.12,0.8218
639,6400,-163.85,5.07,163.92,0.6745
640,6410,-176.79,5.0,176.86,0.8005
641,6420,-207.82,5.46,207.9,0.7424
642,6430,-267.62,6.17,267.69,0.6694
643,6440,-229.28,5.87,229.35,0.7033
644,6450,-198.07,5.43,198.14,0.7066
645,6460,-17.53,0.02,17.53,0.9055
646,6470,0.05,-0.03,0.06,0.9927
647,6480,0.9,0.52,1.04,0.9893
648,6490,-147.4,3.85,147.45,0.7062
649,6500,-225.85,5.86,225.92,0.6637
650,6510,-59.97,1.33,59.99,0.8925
651,6520,-188.67,4.56,188.73,0.7256
652,6530,-157.47,3.98,157.52,0.7727
653,6540,-159.29,3.99,159.34,0.7728
654,6550,-139.53,3.7,139.58,0.7381
655,6560,-71.37,1.79,71.39,0.8383
656,6570,-12.79,0.16,12.79,0.9157
657,6580,-3.43,0.05,3.43,0.9776
658,6590,-359.97,8.49,360.07,0.5075
659,6600,-232.0,5.63,232.07,0.6069
660,6610,-124.16,1.53,124.17,0.8269
661,6620,-97.71,2.24,97.74,0.7668
662,6630,-90.75,2.37,90.78,0.7566
663,6640,-161.73,3.51,161.76,0.6816
664,6650,-106.97,2.1,106.99,0.7986
665,6660,-123.18,3.45,123.23,0.829
666,6670,-184.75,4.64,184.81,0.7323
667,6680,-166.24,4.07,166.29,0.658
668,6690,-163.39,3.5,163.43,0.7005
669,6700,-85.98,2.17,86.0,0.849
670,6710,-7.4,-0.16,7.4,1.0015
671,6720,-0.6,0.29,0.67,1.0
672,6730,-638.01,15.67,638.21,0.3027
673,6740,-358.66,8.64,358.76,0.371
674,6750,-156.49,3.45,156.53,0.7615
675,6760,-483.42,12.84,483.59,0.4615
676,6770,-251.32,5.49,251.38,0.686
677,6780,-343.68,7.27,343.76,0.6423
678,6790,-331.02,7.26,331.1,0.6662
679,6800,-251.38,6.16,251.45,0.7947
680,6810,-224.08,5.68,224.15,0.5612
681,6820,-167.41,4.74,167.47,0.7058
682,6830,-215.24,5.81,215.32,0.5963
683,6840,-269.66,6.11,269.73,0.5941
684,6850,-210.17,5.05,210.23,0.5751
685,6860,-247.77,5.71,247.84,0.5776
686,6870,-146.14,3.65,146.19,0.5336
687,6880,-4.07,-0.77,4.14,1.0055
688,6890,-81.0,2.42,81.03,0.3733
689,6900,-760.43,18.64,760.66,0.3895
690,6910,0.81,0.42,0.91,0.1278
691,6920,-0.75,0.04,0.75,0.2082
692,6930,0.54,-0.11,0.55,0.263
693,6940,-0.15,-0.12,0.19,0.3477
694,6950,-0.46,0.08,0.47,0.3098
695,6960,-1.93,-0.16,1.94,0.4757
696,6970,0.44,-0.22,0.49,0.5355
697,6980,-0.03,0.16,0.16,0.565
698,6990,0.12,-0.11,0.16,0.5472
699,7000,0.12,-0.04,0.13,0.5619
700,7010,0.21,0.12,0.24,0.5543
701,7020,0.12,0.08,0.15,0.5307
702,7030,-0.0,-0.19,0.19,0.5462
