field_index,frame_idx,t_capture_sec,request_reason,stale,stale_reason,cum_x_px,cum_y_px,cum_total_px,screen_result,sharpness,brightness,cellpose_ms,features_ms,latency_ms,feature_mode,merge_analysis_ran,first_inference,cellpose_instances,rbc_candidates,valid_region_rbc,border_cells,merge_suspects,rbc_density_per_mpx,coverage,median_rbc_diameter_px,normalized_median_nn,contact_ratio,pct_0_neighbors,pct_1_neighbor,pct_2_neighbors,pct_3plus_neighbors,mean_graph_degree,largest_cluster_fraction,density_cv,raw_monolayer_score,raw_class,smoothed_score,smoothed_class
10,10,192501.106,FIRST_FIELD,False,,0.0,-0.1,0.2,UNCERTAIN,2180.82,217.97,2809.5,2117.2,4933.1,live,False,True,885,876,561,43,0,2448.5,0.3844,13.54,0.9509,0.8752,1.25,13.19,31.37,54.19,2.67,0.3565,0.106,0.5407,UNCERTAIN,0.5407,UNCERTAIN
930,930,192521.122,HEARTBEAT,True,moved,-0.2,-1.3,25.0,UNCERTAIN,512.38,144.21,2501.6,1504.9,4011.8,live,False,False,682,671,449,21,0,1959.67,0.3138,13.63,1.0103,0.7639,4.68,15.81,36.53,42.98,2.392,0.5679,0.3953,0.4516,UNCERTAIN,,
1067,1067,192524.034,NEW_FIELD,True,moved,403.5,-13.7,443.1,UNCERTAIN,507.1,143.19,2338.5,1937.0,4283.6,live,False,False,830,819,530,38,0,2313.2,0.3705,14.0,0.9747,0.8113,3.77,13.21,25.85,57.17,2.683,0.2585,0.0905,0.5663,UNCERTAIN,,
1269,1269,192528.417,NEW_FIELD,False,,-496.1,14.8,1453.9,UNCERTAIN,812.36,145.47,2335.3,2005.7,4347.3,live,False,False,830,820,549,24,0,2396.12,0.3475,12.87,0.9573,0.8525,4.01,14.39,28.42,53.19,2.627,0.2204,0.3378,0.5001,UNCERTAIN,0.5244,UNCERTAIN
2206,2206,192548.417,HEARTBEAT,False,,-468.1,14.6,1499.1,UNCERTAIN,818.27,145.38,2302.0,1893.4,4201.8,live,False,False,844,839,556,44,0,2426.68,0.3496,12.82,0.9552,0.8363,4.5,13.85,27.7,53.96,2.669,0.2482,0.3122,0.4997,UNCERTAIN,0.5146,UNCERTAIN
2922,2922,192563.665,NEW_FIELD,True,moved,-365.2,14.0,1649.1,UNCERTAIN,853.39,145.02,2302.1,1885.9,4193.8,live,False,False,845,837,547,29,0,2387.4,0.3452,12.87,0.9824,0.8172,4.02,14.63,29.62,51.74,2.603,0.3272,0.2264,0.5041,UNCERTAIN,,
3075,3075,192566.913,NEW_FIELD,False,,-1532.2,53.4,2820.3,UNCERTAIN,497.13,147.94,2332.6,2246.2,4587.3,live,False,False,1014,1003,668,40,0,2915.5,0.3638,12.46,0.9732,0.7889,3.59,11.23,28.89,56.29,2.707,0.7844,0.2209,0.4649,TOO_THICK,0.4947,UNCERTAIN
4013,4013,192586.929,HEARTBEAT,False,,-1593.1,55.3,2901.9,UNCERTAIN,625.83,148.05,2553.2,2729.0,5289.6,live,False,False,1117,1101,702,45,0,3063.9,0.3886,12.46,0.9721,0.8091,2.99,12.68,25.78,58.55,2.758,0.8618,0.0864,0.5079,TOO_THICK,0.5,UNCERTAIN
4393,4393,192595.153,NEW_FIELD,True,moved,-2031.0,68.6,3348.2,CLEARLY_THIN,361.17,149.39,2287.1,1726.1,4018.8,live,False,False,847,833,558,36,0,2435.41,0.275,12.05,1.1192,0.5197,5.73,20.97,33.33,39.96,2.233,0.405,0.317,0.4271,UNCERTAIN,,
4441,4441,192596.177,NEW_FIELD,False,,-2223.0,74.3,3540.3,UNCERTAIN,687.4,146.73,2328.9,2224.2,4560.6,live,False,False,1025,1015,636,34,0,2775.84,0.324,11.99,1.1245,0.5393,5.19,20.13,34.91,39.78,2.23,0.5252,0.1077,0.5473,UNCERTAIN,0.5189,UNCERTAIN
5362,5362,192616.18,HEARTBEAT,False,,-2223.2,74.2,3565.2,UNCERTAIN,689.25,146.7,2568.1,2803.0,5379.7,live,False,False,1025,1017,638,38,0,2784.57,0.329,12.05,1.1204,0.5502,5.02,20.06,34.17,40.75,2.257,0.5251,0.1064,0.5572,UNCERTAIN,0.5342,UNCERTAIN
6225,6225,192636.182,HEARTBEAT,False,,-2223.2,74.2,3578.0,UNCERTAIN,687.75,146.68,2794.0,2289.6,5094.3,live,False,False,1024,1015,637,38,0,2780.2,0.3258,11.99,1.1319,0.5432,5.02,20.25,35.16,39.56,2.229,0.529,0.1074,0.5444,UNCERTAIN,0.5383,UNCERTAIN
7077,7077,192656.193,HEARTBEAT,False,,-2223.2,74.4,3592.0,UNCERTAIN,687.63,146.68,2280.9,2976.6,5265.1,live,False,False,1024,1015,638,37,0,2784.57,0.3255,11.99,1.1268,0.5376,5.17,20.38,34.95,39.5,2.229,0.4028,0.1082,0.5605,UNCERTAIN,0.5472,UNCERTAIN
7932,7932,192676.193,HEARTBEAT,False,,-2223.4,74.3,3613.3,UNCERTAIN,689.17,146.67,2953.5,2755.1,5714.7,live,False,False,1021,1013,636,37,0,2775.84,0.3274,12.05,1.1249,0.5582,5.03,20.91,33.81,40.25,2.233,0.4025,0.1028,0.564,UNCERTAIN,0.5539,UNCERTAIN
