image,width,height,channels,total_instances,rbc_candidate_count,interior_rbc_count,border_rbc_count,border_fraction,rbc_coverage,rbc_density_per_mpx,median_area_px,median_diameter_px,iqr_area_px,nn_median_px,nn_mean_px,nn_std_px,nn_p10_px,nn_p25_px,nn_p75_px,nn_p90_px,nn_median_normalized,gap_median_px,gap_median_normalized,contact_ratio,graph_isolated_pct,graph_mean_degree,graph_max_cluster,graph_median_cluster,graph_cluster_pct,density_cv_3x3,density_cv_4x4,n_merged_suspect,n_small_artifact,n_wbc,cellprob_threshold,flow_threshold,min_size,diameter_setting,model_load_s,load_ms,inference_ms,postprocess_ms,features_ms,overlay_ms,total_ms,manual_label
WIN_20260924_15_46_35_Pro.jpg,1920,1080,3,1122,1118,1085,33,0.029516994633273702,0.39187548225308644,539.158950617284,711.0,30.087760240780646,163.5,29.378761565673702,30.100413419849854,6.0335414120738085,23.351348904514275,25.6135247304375,33.27126738767874,37.05239797613753,0.9764356446131881,-1.011179965881908,-0.03360768491206484,0.8416815742397138,13.953488372093023,1.4051878354203935,987.0,3.0,97.49552772808586,0.07117519235805997,0.10079988971005939,6,4,0,0.0,0.4,15,,3.47,43.02,638610.84,652288.74,652323.67,652487.31,652487.31,
WIN_20260924_15_47_55_Pro.jpg,1920,1080,3,1065,1057,1025,32,0.030274361400189215,0.3806206597222222,509.74151234567904,742.0,30.736683981742253,169.25,32.55154330996466,32.97633542752978,5.462393904607136,26.831003052300076,29.741807913582853,35.36611825644767,39.06227200240894,1.0590453846387737,1.9125040481969897,0.06222219837810178,0.7218543046357616,15.98864711447493,1.369914853358562,881.0,4.0,97.44560075685904,0.0684842424630231,0.08604071745254939,0,8,0,0.0,0.4,15,,3.47,26.64,642670.45,653002.46,653036.15,653119.44,653119.45,
WIN_20260924_15_53_23_Pro.jpg,1920,1080,3,1056,1049,1009,40,0.03813155386081983,0.37832561728395064,505.883487654321,746.0,30.81942083122964,163.0,31.83246403358921,32.18697977229875,5.5669723114214085,25.950436526733288,28.52793087053225,35.09171608829167,38.19055159240577,1.0328702868203494,1.170604124067257,0.037982677561580636,0.7797902764537655,13.536701620591037,1.3994280266920878,713.0,4.0,98.28408007626311,0.05290538389136934,0.08159952065818192,0,7,0,0.0,0.4,15,,3.47,36.9,697273.4,710176.78,710228.6,710379.84,710379.84,
WIN_20260924_15_54_02_Pro.jpg,1920,1080,3,1066,1055,1014,41,0.03886255924170616,0.3797829861111111,508.77700617283955,729.0,30.46623751157884,162.5,30.993997153985504,31.471139706598912,5.60062902531993,24.96937601047131,27.436419605869027,34.88734375894364,38.37245205968598,1.0173227705654855,0.8323779295323028,0.027321323455709083,0.7725118483412322,16.398104265402843,1.3383886255924171,772.0,3.5,97.91469194312796,0.08258965274233923,0.08297494116669119,2,11,0,0.0,0.4,15,,3.47,64.68,830024.42,857844.88,857957.65,858250.43,858250.43,
WIN_20260924_15_56_04_Pro.jpg,1920,1080,3,1065,1062,1026,36,0.03389830508474576,0.3775834297839506,512.1527777777778,720.0,30.277590264241923,167.0,29.42191449834673,30.09351683018726,5.592176728800672,23.676604435068157,25.838001684684794,33.234639330967624,37.129889795567635,0.9717389739927305,-1.1408713338795167,-0.03768038750517391,0.8578154425612052,14.218455743879474,1.4124293785310735,870.0,3.0,98.21092278719398,0.12858538617786489,0.12422243001160435,4,3,0,0.0,0.4,15,,3.47,81.82,862899.17,876590.44,876620.94,876714.35,876714.35,
WIN_20260924_15_57_04_Pro.jpg,1920,1080,3,967,953,913,40,0.04197271773347324,0.34237654320987654,459.5871913580247,737.0,30.632948674096244,179.0,32.89134287489826,33.23875595204493,5.485678547448195,26.590812344609752,29.765277560979467,35.96757712179744,39.675358131016125,1.0737243490605184,2.3081374738594427,0.07534819773361368,0.6967471143756558,19.62224554039874,1.2518363064008395,471.0,4.0,96.74711437565581,0.07321201906615911,0.1043372453228702,0,14,0,0.0,0.4,15,,3.47,31.8,607917.9,616873.16,616917.2,616990.43,616990.43,
WIN_20260924_15_58_10_Pro.jpg,1920,1080,3,1019,1010,980,30,0.0297029702970297,0.36006703317901234,487.07561728395063,724.0,30.361578193306386,159.25,32.48906578857641,32.889416125869985,5.743108458887052,26.46647942518164,29.07626581591749,35.54917530500299,39.30030044348622,1.0700717064747003,2.1169309266598013,0.06972400819159351,0.7287128712871287,18.019801980198018,1.3277227722772278,888.0,2.5,96.63366336633663,0.05242852394009397,0.09763400424254297,2,9,0,0.0,0.4,15,,3.47,38.76,593864.37,604489.86,604514.08,604601.89,604601.9,
WIN_20260924_15_58_30_Pro.jpg,1920,1080,3,1034,1027,989,38,0.03700097370983447,0.3645577739197531,495.27391975308643,728.0,30.445334430207833,167.0,31.12938400955269,31.25348213561687,5.600440894146288,24.629269889835072,26.93907955382146,34.50139489987957,38.09339181790652,1.022468124990151,0.5981851267664666,0.019647842205108047,0.7906523855890945,15.96884128529698,1.3719571567672832,810.0,4.0,98.05258033106135,0.04982122222187354,0.079862016205455,2,6,1,0.0,0.4,15,,3.47,35.23,700127.24,713711.96,713742.69,713835.31,713835.32,
WIN_20260924_16_03_24_Pro.jpg,1920,1080,3,1084,1079,1038,41,0.037998146431881374,0.38166232638888886,520.3510802469136,705.0,29.96053869739811,183.0,28.850342880066,29.730351875732485,6.290595769098645,23.077338446676364,25.25947497953684,33.15818294839046,37.2667969622411,0.9629447311163158,-1.095051410322645,-0.036549790422084213,0.835032437442076,16.589434661723818,1.4031510658016682,890.0,5.0,97.86839666357739,0.06712629828445528,0.0830545382881725,8,5,0,0.0,0.4,15,,3.47,43.13,656656.12,684230.64,684265.02,684409.7,684409.7,
WIN_20260924_16_04_24_Pro.jpg,1920,1080,3,940,933,900,33,0.03536977491961415,0.3379716435185185,449.9421296296297,740.0,30.695231927842155,161.0,32.40206023441046,32.66809210794668,5.852213555276797,25.8743429243251,28.71295730262053,35.36447484883119,39.2793361458284,1.0556056494565895,1.9929839114023338,0.0649281268207195,0.7277599142550911,19.935691318327976,1.219721329046088,266.0,5.0,97.21329046087888,0.059810531311055536,0.09308729493077612,2,6,1,0.0,0.4,15,,3.47,38.15,638760.87,647778.13,647801.66,647891.02,647891.02,
